Date,Location,Surface Water Temp (°C),Middle Water Temp (°C),Bottom Water Temp (°C),pH Level,Ammonia (mg/L),Nitrate-N/Nitrite-N  (mg/L),Phosphate (mg/L),Dissolved Oxygen (mg/L)
2013-01,Wawa Tanauan,26.3,,,8.52,0.83,0.02,,0.98
2013-01,Aya Talisay,26.4,,,8.63,0.00,0.02,,5.66
2013-02,Aya Talisay,26.5,,,8.62,0.56,0.07,,4.44
2013-02,Tumaway Talisay,26.6,,,8.64,0.53,0.07,,5.80
2013-02,Sampaloc Talisay,26.9,,,8.77,0.53,0.07,,6.51
2013-02,Berinayan Laurel,27.0,,,8.80,0.48,0.00,,5.99
2013-02,Balakilong Laurel,27.1,,,8.78,0.48,0.03,,6.74
2013-02,Buso Buso Laurel,27.0,,,8.72,0.47,0.07,,6.55
2013-02,Bañaga Agoncillo,27.0,,,8.72,0.47,0.01,,6.20
2013-02,Bilibinwang Agoncillo,27.0,,,8.98,0.37,0.00,,6.59
2013-02,Subic Ilaya Agoncilo,27.0,,,9.09,0.47,0.01,,7.83
2013-02,San Nicolas,26.8,,,8.78,,,,7.39
2013-02,Mataas na Kahoy,26.4,,,8.87,0.47,0.01,,6.95
2013-02,Tanauan,26.3,,,8.68,0.43,0.00,,9.37
2013-03,Aya Talisay,29.0,,,8.50,0.00,0.00,,7.47
2013-03,Tumaway Talisay,29.0,,,9.00,0.00,0.00,,7.39
2013-03,Sampaloc Talisay,29.5,,,8.50,0.01,0.00,,7.90
2013-03,Berinayan Laurel,29.5,,,8.50,0.03,0.00,,8.38
2013-03,Balakilong Laurel,28.5,,,8.25,0.03,0.00,,7.37
2013-03,Buso Buso Laurel,29.0,,,8.50,0.00,0.00,,7.69
2013-03,Bañaga Agoncillo,29.0,,,8.50,0.02,0.01,,8.18
2013-03,Bilibinwang Agoncillo,29.5,,,8.50,0.00,0.00,,8.61
2013-03,Subic Ilaya Agoncilo,29.5,,,8.75,0.01,0.00,,8.14
2013-03,San Nicolas,29.5,,,8.75,0.01,0.00,,9.16
2013-03,Mataas na Kahoy,28.5,,,8.50,0.00,0.00,,8.55
2013-03,Tanauan,28.0,,,8.50,0.00,0.00,,9.32
2013-04,Aya Talisay,29.5,27.0,26.5,8.00,0.01,0.01,,2.46
2013-04,Tumaway Talisay,29.0,26.8,26.4,8.00,0.02,0.01,,2.93
2013-04,Sampaloc Talisay,31.0,27.0,26.5,8.00,0.01,0.00,,6.79
2013-04,Berinayan Laurel,31.1,27.0,27.0,8.00,0.10,0.00,,5.69
2013-04,Balakilong Laurel,32.0,28.0,27.5,8.00,0.05,0.00,,7.63
2013-04,Buso Buso Laurel,31.5,28.0,27.0,8.00,0.01,0.00,,7.31
2013-04,Bañaga Agoncillo,30.5,30.0,27.0,8.00,0.01,0.00,,6.41
2013-04,Bilibinwang Agoncillo,31.0,27.0,26.5,8.00,0.01,0.01,,6.66
2013-04,Subic Ilaya Agoncilo,32.0,27.0,27.0,8.00,0.01,0.01,,7.91
2013-04,San Nicolas,32.0,27.0,27.0,8.25,0.01,0.01,,8.09
2013-04,Mataas na Kahoy,31.0,27.0,27.0,8.25,0.04,0.01,,6.73
2013-04,Tanauan,30.5,27.0,27.0,8.17,0.01,0.01,,6.03
2013-05,Aya Talisay,29.5,,,8.25,,0.00,,7.70
2013-05,Tumaway Talisay,29.5,,,8.25,,0.01,,7.40
2013-05,Sampaloc Talisay,31.0,,,8.50,,0.03,,7.80
2013-05,Berinayan Laurel,33.0,,,9.00,,0.03,,7.00
2013-05,Balakilong Laurel,31.5,,,8.75,,0.03,,7.50
2013-05,Buso Buso Laurel,31.0,,,8.25,,0.01,,7.20
2013-05,Bañaga Agoncillo,31.0,,,8.25,,0.01,,6.70
2013-05,Bilibinwang Agoncillo,31.0,,,8.50,,0.01,,6.80
2013-05,Subic Ilaya Agoncilo,31.5,,,8.75,,0.01,,7.10
2013-05,San Nicolas,32.0,,,8.75,,0.00,,7.80
2013-05,Mataas na Kahoy,31.0,,,8.50,,0.02,,7.50
2013-05,Tanauan,30.0,,,8.25,,0.00,,7.70
2013-06,Aya Talisay,31.0,,,8.70,0.06,0.02,,5.44
2013-06,Tumaway Talisay,31.0,,,8.70,0.07,0.03,,5.73
2013-06,Sampaloc Talisay,31.0,,,8.60,0.08,0.02,,3.31
2013-06,Berinayan Laurel,31.0,,,8.60,0.08,0.03,,4.40
2013-06,Balakilong Laurel,31.0,,,8.60,0.08,0.03,,4.35
2013-06,Buso Buso Laurel,31.0,,,8.60,0.07,0.02,,5.20
2013-06,Bañaga Agoncillo,31.3,,,8.60,0.08,0.03,,4.31
2013-06,Bilibinwang Agoncillo,31.0,,,8.60,0.08,0.05,,5.76
2013-06,Subic Ilaya Agoncilo,31.0,,,8.60,0.08,0.04,,5.38
2013-06,San Nicolas,31.0,,,8.60,0.04,0.08,,6.09
2013-06,Tanauan,31.5,,,8.60,0.04,0.04,,5.64
2013-07,Aya Talisay,29.8,,,8.40,,,,4.80
2013-07,Tumaway Talisay,29.8,,,8.50,,,,5.90
2013-07,Sampaloc Talisay,30.0,,,8.50,,,,4.20
2013-07,Berinayan Laurel,30.6,,,8.40,,,,3.60
2013-07,Balakilong Laurel,30.8,,,8.50,,,,5.60
2013-07,Buso Buso Laurel,30.7,,,8.60,,,,6.80
2013-07,Bañaga Agoncillo,30.8,,,8.50,,,,3.90
2013-07,Bilibinwang Agoncillo,30.8,,,8.50,,,,6.50
2013-07,Subic Ilaya Agoncilo,31.0,,,8.50,,,,6.70
2013-07,San Nicolas,31.3,,,8.50,,,,6.80
2013-07,Mataas na Kahoy,30.8,,,8.50,,,,6.60
2013-07,Tanauan,31.3,,,8.50,,,,6.20
2013-08,Aya Talisay,29.8,,,8.80,0.04,0.19,,7.10
2013-08,Tumaway Talisay,30.0,,,8.60,0.06,0.13,,6.20
2013-08,Sampaloc Talisay,30.0,,,8.30,0.10,0.07,,6.10
2013-08,Berinayan Laurel,30.0,,,8.40,0.11,0.07,,4.00
2013-08,Balakilong Laurel,29.1,,,8.40,0.06,0.14,,7.60
2013-08,Buso Buso Laurel,29.1,,,8.40,0.42,0.24,,5.60
2013-08,Bañaga Agoncillo,30.0,,,8.40,0.10,0.16,,6.40
2013-08,Bilibinwang Agoncillo,30.0,,,8.50,0.12,0.14,,7.90
2013-08,Subic Ilaya Agoncilo,29.0,,,8.40,0.21,0.12,,6.00
2013-08,San Nicolas,29.0,,,8.60,0.11,0.10,,6.80
2013-08,Mataas na Kahoy,30.0,,,8.60,0.37,0.17,,6.40
2013-08,Tanauan,30.0,,,8.60,0.02,0.11,,6.50
2013-09,Aya Talisay,30.0,,,8.40,0.15,0.01,,5.20
2013-09,Tumaway Talisay,30.2,,,8.40,0.15,0.01,,4.50
2013-09,Sampaloc Talisay,30.0,,,8.20,0.31,0.01,,2.00
2013-09,Berinayan Laurel,30.6,,,8.20,0.28,0.01,,3.70
2013-09,Balakilong Laurel,30.7,,,8.20,0.15,0.02,,2.90
2013-09,Buso Buso Laurel,31.2,,,8.30,0.25,0.02,,4.10
2013-09,Bañaga Agoncillo,30.9,,,8.30,0.11,0.01,,5.70
2013-09,Bilibinwang Agoncillo,31.5,,,8.40,0.23,0.01,,7.80
2013-09,Subic Ilaya Agoncilo,32.2,,,8.60,0.13,0.01,,5.30
2013-09,San Nicolas,31.6,,,8.20,0.13,0.01,,6.70
2013-09,Mataas na Kahoy,30.8,,,8.40,0.13,0.00,,6.10
2013-09,Tanauan,30.9,,,8.60,0.09,0.00,,6.40
2013-10,Aya Talisay,28.8,,,8.60,,,,7.00
2013-10,Tumaway Talisay,28.8,,,8.50,,,,7.90
2013-10,Sampaloc Talisay,29.3,,,8.30,,,,8.50
2013-10,Berinayan Laurel,30.1,,,8.30,,,,8.40
2013-10,Balakilong Laurel,30.2,,,8.40,,,,8.60
2013-10,Buso Buso Laurel,29.9,,,8.40,,,,8.80
2013-10,Bañaga Agoncillo,30.1,,,8.20,,,,8.70
2013-10,Bilibinwang Agoncillo,30.4,,,8.30,,,,8.80
2013-10,Subic Ilaya Agoncilo,30.2,,,8.40,,,,9.60
2013-10,San Nicolas,30.0,,,8.30,,,,8.90
2013-10,Mataas na Kahoy,29.9,,,8.30,,,,8.40
2013-10,Tanauan,29.4,,,8.30,,,,8.90
2013-11,Aya Talisay,26.0,,,8.10,,,,4.10
2013-11,Tumaway Talisay,26.0,,,8.10,,,,4.20
2013-11,Sampaloc Talisay,26.0,,,8.30,,,,3.10
2013-11,Berinayan Laurel,26.0,,,8.20,,,,4.20
2013-11,Buso Buso Laurel,26.0,,,8.30,,,,5.30
2013-11,Bañaga Agoncillo,26.0,,,8.20,,,,4.40
2013-11,Bilibinwang Agoncillo,26.0,,,8.30,,,,5.00
2013-11,Subic Ilaya Agoncilo,26.0,,,8.30,,,,5.80
2013-11,Mataas na Kahoy,26.0,,,8.30,,,,8.20
2013-11,Tanauan,26.0,,,8.30,,,,5.00
2013-12,Aya Talisay,27.2,,,8.40,,,,5.40
2013-12,Tumaway Talisay,27.1,,,8.20,,,,6.50
2013-12,Sampaloc Talisay,27.6,,,8.20,,,,6.80
2013-12,Berinayan Laurel,27.8,,,8.20,,,,6.60
2013-12,Balakilong Laurel,27.8,,,8.20,,,,7.80
2013-12,Buso Buso Laurel,27.7,,,8.10,,,,7.10
2013-12,Bañaga Agoncillo,27.6,,,8.10,,,,6.30
2013-12,Bilibinwang Agoncillo,27.7,,,8.00,,,,7.60
2013-12,Subic Ilaya Agoncilo,27.8,,,8.10,,,,7.50
2013-12,San Nicolas,28.2,,,8.20,,,,8.40
2013-12,Mataas na Kahoy,27.6,,,8.20,,,,7.40
2013-12,Tanauan,27.9,,,8.30,,,,6.90
2014-01,Aya Talisay,25.4,24.9,25.1,8.00,0.64,,,2.90
2014-01,Quiling Talisay,25.5,25.0,25.4,8.00,0.39,,,2.60
2014-01,Tumaway Talisay,25.1,25.0,25.3,8.00,0.32,,,2.90
2014-01,Sampaloc Talisay,25.5,25.5,25.5,8.00,0.35,,,2.30
2014-01,Berinayan Laurel,25.5,25.0,25.5,8.10,0.71,,,5.50
2014-01,Balakilong Laurel,25.5,25.5,25.5,8.00,0.72,,,4.90
2014-01,Buso Buso Laurel,25.5,25.5,25.5,8.30,0.36,,,5.40
2014-01,Bañaga Agoncillo,25.5,25.0,25.5,8.10,0.46,,,5.80
2014-01,Bilibinwang Agoncillo,25.5,25.5,25.0,8.00,0.38,,,8.00
2014-02,Aya Talisay,28.0,26.0,26.0,8.17,0.27,0.02,,8.90
2014-02,Tumaway Talisay,27.0,26.0,26.0,8.13,0.23,0.01,,12.30
2014-02,Sampaloc Talisay,27.0,26.0,26.0,8.13,0.24,0.01,,10.90
2014-02,Berinayan Laurel,27.5,25.5,25.5,8.10,0.33,0.01,,9.00
2014-02,Balakilong Laurel,27.0,26.0,26.0,8.10,0.25,0.02,,11.60
2014-02,Mataas na Kahoy,26.5,26.0,26.0,8.17,0.24,0.01,,10.10
2014-02,Tanauan,26.5,25.5,25.5,8.17,0.21,0.00,,9.80
2014-02,Buso Buso Laurel,26.0,25.5,25.5,8.30,0.31,0.01,,12.90
2014-02,Bañaga Agoncillo,28.0,26.0,25.5,8.30,0.30,0.02,,12.80
2014-02,Bilibinwang Agoncillo,27.0,25.5,25.5,8.30,0.27,0.00,,10.70
2014-02,Subic Ilaya Agoncilo,27.0,26.0,25.5,8.30,0.22,0.01,,7.30
2014-02,San Nicolas,27.0,25.5,25.0,8.30,0.26,0.01,,8.10
2014-03,Aya Talisay,27.0,26.0,26.0,8.20,0.17,0.02,,8.50
2014-03,Tumaway Talisay,27.0,26.0,26.0,8.20,0.13,0.02,,7.80
2014-03,Sampaloc Talisay,27.0,26.0,26.0,8.40,0.19,0.01,,7.40
2014-03,Mataas na Kahoy,27.0,26.0,26.0,8.50,1.03,0.02,,8.10
2014-03,Tanauan,26.0,25.5,25.5,8.60,0.29,0.01,,6.20
2014-03,Berinayan Laurel,27.0,26.5,26.0,8.30,0.26,0.01,,8.00
2014-03,Balakilong Laurel,27.0,26.0,26.8,8.40,0.21,0.01,,8.30
2014-03,Buso Buso Laurel,28.0,26.0,26.0,8.20,0.33,0.01,,8.90
2014-03,Bañaga Agoncillo,27.0,26.0,25.5,8.10,0.26,0.01,,8.40
2014-03,Bilibinwang Agoncillo,27.0,26.0,26.0,8.10,0.32,0.01,,9.00
2014-03,Subic Ilaya Agoncilo,27.0,26.0,25.5,8.50,0.18,0.06,,8.40
2014-03,San Nicolas,26.5,26.0,26.0,8.30,0.34,0.00,,7.40
2014-04,Aya Talisay,28.0,26.0,25.5,8.10,0.15,0.01,,6.60
2014-04,Tumaway Talisay,28.0,26.0,25.5,8.10,0.17,,,6.80
2014-04,Sampaloc Talisay,29.0,28.0,27.0,8.00,0.25,0.01,,6.50
2014-04,Berinayan Laurel,29.0,28.0,27.0,8.25,0.15,0.00,,6.40
2014-04,Balakilong Laurel,29.5,27.0,26.0,8.20,0.19,0.01,,6.40
2014-04,Buso Buso Laurel,30.0,26.0,26.0,8.00,0.21,0.02,,6.20
2014-04,Bañaga Agoncillo,30.0,28.0,26.0,8.00,0.22,0.02,,5.80
2014-04,Bilibinwang Agoncillo,30.0,28.0,27.0,8.00,0.15,0.01,,6.30
2014-04,Subic Ilaya Agoncilo,31.0,27.0,26.0,8.00,0.25,0.02,,6.50
2014-04,San Nicolas,32.0,27.0,26.0,8.00,0.15,0.00,,6.90
2014-04,Mataas na Kahoy,30.0,25.5,26.0,8.00,0.15,0.01,,6.50
2014-04,Tanauan,30.0,26.0,25.0,8.00,0.13,0.01,,6.50
2014-05,Aya Talisay,31.0,27.0,26.0,8.20,0.20,0.00,,6.80
2014-05,Tumaway Talisay,32.0,27.0,27.0,7.90,0.17,0.01,,6.90
2014-05,Sampaloc Talisay,33.0,27.0,26.5,7.90,0.33,0.01,,7.40
2014-05,Berinayan Laurel,32.0,26.5,26.0,8.00,0.22,0.02,,7.00
2014-05,Balakilong Laurel,32.0,29.0,27.0,8.30,0.18,0.01,,7.10
2014-05,Buso Buso Laurel,31.0,26.5,26.0,8.10,0.25,0.01,,7.10
2014-05,Bañaga Agoncillo,31.0,27.0,27.0,8.00,0.23,0.08,,6.90
2014-05,Bilibinwang Agoncillo,30.5,26.0,26.5,7.90,0.29,0.01,,7.20
2014-05,Subic Ilaya Agoncilo,31.0,25.0,26.0,8.30,0.17,0.01,,6.90
2014-05,San Nicolas,31.0,25.0,26.0,8.20,0.25,0.00,,7.10
2014-05,Mataas na Kahoy,30.0,26.0,26.0,8.20,0.23,0.01,,7.60
2014-05,Tanauan,29.0,26.0,25.5,8.00,0.23,0.01,,7.10
2014-06,Aya Talisay,31.0,26.0,26.0,9.25,0.28,0.07,,8.10
2014-06,Tumaway Talisay,31.0,25.8,25.5,9.25,0.29,0.02,,8.50
2014-06,Sampaloc Talisay,31.0,26.0,25.5,8.75,0.38,0.01,,8.00
2014-06,Berinayan Laurel,31.0,31.0,25.5,9.00,0.45,0.01,,7.30
2014-06,Balakilong Laurel,31.0,30.0,27.0,9.00,0.29,0.01,,7.50
2014-06,Buso Buso Laurel,30.5,26.5,26.0,8.75,0.50,0.00,,7.20
2014-06,Bañaga Agoncillo,30.0,28.0,26.0,8.75,0.37,0.01,,4.30
2014-06,Bilibinwang Agoncillo,31.0,29.0,27.0,8.75,0.44,0.03,,4.00
2014-06,Subic Ilaya Agoncilo,31.0,26.0,25.0,8.75,0.41,0.00,,8.80
2014-06,San Nicolas,30.5,26.0,25.0,8.75,0.33,0.01,,8.00
2014-06,Mataas na Kahoy,30.5,26.0,25.5,9.25,0.33,0.01,,8.30
2014-06,Tanauan,31.0,,,8.75,0.37,0.01,,11.20
2014-07,Aya Talisay,31.0,25.8,25.5,8.75,0.28,0.00,,6.80
2014-07,Tumaway Talisay,31.0,26.3,26.0,8.75,0.26,0.00,,6.90
2014-07,Sampaloc Talisay,31.5,26.5,25.5,8.75,0.45,0.00,,7.40
2014-07,Berinayan Laurel,31.0,26.0,25.5,8.75,0.44,0.00,,7.00
2014-07,Balakilong Laurel,31.0,29.8,28.0,8.75,0.21,0.09,,7.10
2014-07,Buso Buso Laurel,31.5,26.0,26.0,8.75,0.50,0.00,,7.10
2014-07,Bañaga Agoncillo,31.5,29.8,28.0,8.75,0.44,0.01,,6.90
2014-07,Bilibinwang Agoncillo,31.5,30.0,27.0,8.75,0.32,0.01,,7.20
2014-07,Subic Ilaya Agoncilo,30.0,26.0,26.0,8.75,0.38,0.00,,6.90
2014-07,San Nicolas,30.0,26.0,26.0,8.75,0.32,0.00,,7.10
2014-07,Tanauan,30.0,26.0,25.5,8.75,0.43,0.01,,7.10
2014-08,Aya Talisay,30.0,28.0,27.0,8.50,0.14,,,7.00
2014-08,Tumaway Talisay,31.0,28.0,26.0,8.25,0.23,,,7.30
2014-08,Sampaloc Talisay,33.0,28.0,27.0,8.50,0.30,,,7.70
2014-08,Berinayan Laurel,33.0,30.0,27.0,8.25,0.28,,,7.30
2014-08,Balakilong Laurel,32.0,30.0,29.0,8.00,0.18,,,8.10
2014-08,Buso Buso Laurel,32.0,29.0,28.0,7.80,0.27,,,6.30
2014-08,Bañaga Agoncillo,32.0,29.0,28.0,8.25,0.17,,,6.30
2014-08,Bilibinwang Agoncillo,32.0,29.0,28.0,7.80,0.20,,,6.40
2014-08,Subic Ilaya Agoncilo,32.0,28.0,26.5,8.50,0.18,,,6.80
2014-08,San Nicolas,32.0,27.0,26.0,8.20,0.14,,,7.00
2014-08,Tanauan,30.0,27.0,26.0,8.25,0.22,,,9.20
2014-09,Aya Talisay,31.0,28.9,27.0,8.25,0.21,,,8.30
2014-09,Tumaway Talisay,31.4,27.8,27.0,8.17,0.26,,,8.90
2014-09,Sampaloc Talisay,32.0,27.3,26.8,7.92,0.45,,,7.60
2014-09,Berinayan Laurel,31.0,27.8,28.0,8.00,0.35,,,4.30
2014-09,Balakilong Laurel,30.8,29.0,29.0,8.33,0.29,,,7.10
2014-09,Buso Buso Laurel,31.0,28.4,28.0,8.08,0.25,,,7.00
2014-09,Bañaga Agoncillo,30.0,28.8,28.3,8.08,0.16,,,6.70
2014-09,Bilibinwang Agoncillo,31.0,29.0,29.0,8.25,0.18,,,6.10
2014-09,Subic Ilaya Agoncilo,29.8,28.0,27.9,7.92,0.23,,,5.20
2014-09,San Nicolas,29.8,27.0,27.0,8.08,0.21,,,7.20
2014-09,Mataas na Kahoy,29.8,27.0,26.7,8.08,0.18,,,7.30
2014-09,Tanauan,29.2,27.0,26.8,7.92,0.30,,,8.00
2014-10,Aya Talisay,32.0,28.8,27.0,8.50,0.35,,,8.00
2014-10,Tumaway Talisay,32.0,28.0,27.3,8.50,0.29,,,9.00
2014-10,Sampaloc Talisay,32.8,28.8,27.0,8.50,0.28,,,6.90
2014-10,Berinayan Laurel,33.5,26.8,26.7,9.00,0.54,,,8.30
2014-10,Balakilong Laurel,32.8,29.0,28.5,9.00,0.21,,,7.20
2014-10,Buso Buso Laurel,32.3,28.0,28.1,8.50,0.34,,,5.90
2014-10,Bañaga Agoncillo,32.1,28.4,28.1,8.50,0.22,,,5.10
2014-10,Bilibinwang Agoncillo,32.2,29.0,28.7,8.50,0.16,,,5.80
2014-10,Subic Ilaya Agoncilo,32.0,27.7,27.0,8.50,0.28,,,6.90
2014-10,San Nicolas,32.0,27.0,26.8,9.00,0.32,,,8.40
2014-10,Mataas na Kahoy,31.0,26.8,26.6,8.50,0.25,,,8.30
2014-10,Tanauan,30.8,27.0,26.7,9.00,0.34,,,8.00
2014-11,Aya Talisay,28.2,26.8,26.3,8.00,0.18,0.05,,5.10
2014-11,Tumaway Talisay,28.3,27.5,26.5,8.50,0.17,0.12,,5.20
2014-11,Sampaloc Talisay,28.8,26.8,26.4,8.00,0.42,0.10,,5.00
2014-11,Berinayan Laurel,28.8,27.0,26.5,8.50,0.45,0.05,,4.30
2014-11,Balakilong Laurel,29.0,28.5,28.0,8.00,0.24,0.09,,5.20
2014-11,Buso Buso Laurel,29.0,27.0,26.5,8.25,0.40,0.08,,4.60
2014-11,Bañaga Agoncillo,29.0,28.4,27.8,7.75,0.19,0.16,,4.30
2014-11,Bilibinwang Agoncillo,28.8,28.6,28.5,8.00,0.31,0.13,,3.50
2014-11,Subic Ilaya Agoncilo,28.5,28.5,26.5,8.50,0.21,0.16,,5.70
2014-11,San Nicolas,28.6,26.8,26.5,8.50,0.20,0.09,,6.70
2014-11,Mataas na Kahoy,28.3,26.5,26.5,8.50,0.25,0.21,,5.50
2014-11,Tanauan,28.0,26.5,26.0,8.25,0.19,0.14,,5.50
2014-12,Aya Talisay,27.6,27.5,26.5,8.50,0.24,0.06,,8.90
2014-12,Tumaway Talisay,27.8,27.6,26.5,8.50,0.27,0.04,,8.90
2014-12,Berinayan Laurel,28.3,27.8,26.8,8.00,0.36,0.03,,8.20
2014-12,Balakilong Laurel,28.3,28.1,28.0,8.00,0.29,0.05,,8.30
2014-12,Buso Buso Laurel,27.9,27.8,26.8,8.00,0.44,0.06,,7.70
2014-12,Bañaga Agoncillo,28.0,27.8,27.8,8.00,0.23,0.02,,7.30
2014-12,Bilibinwang Agoncillo,28.0,28.0,28.0,8.00,0.26,0.02,,7.00
2014-12,Subic Ilaya Agoncilo,28.3,27.8,26.8,8.50,0.32,0.03,,10.10
2015-01,Sampaloc Talisay,28.6,26.4,26.1,7.75,0.42,0.05,,6.70
2015-01,Berinayan Laurel,28.8,26.3,26.1,7.50,0.20,0.06,,6.50
2015-01,Balakilong Laurel,28.5,26.3,26.0,8.00,0.17,0.03,,7.00
2015-01,Buso Buso Laurel,27.8,26.5,26.1,7.75,0.23,0.02,,7.10
2015-01,Bañaga Agoncillo,27.6,26.8,26.0,7.75,0.19,0.02,,3.10
2015-01,Bilibinwang Agoncillo,26.9,26.2,26.1,7.75,0.22,0.02,,3.90
2015-01,Subic Ilaya Agoncilo,26.8,26.5,26.2,8.00,0.18,0.02,,3.10
2015-01,Aya Talisay,28.0,26.4,26.4,7.75,0.05,0.03,,4.70
2015-01,Tumaway Talisay,27.9,26.8,26.7,8.00,0.09,0.06,,6.00
2015-01,Tanauan,27.0,26.0,26.0,8.00,0.06,0.05,,5.30
2015-02,Aya Talisay,26.0,25.6,26.0,8.00,0.32,0.14,,7.40
2015-02,Tumaway Talisay,26.0,26.1,25.8,8.00,0.20,0.09,,6.90
2015-02,Sampaloc Talisay,26.8,26.3,25.8,8.00,0.26,0.08,,8.00
2015-02,Berinayan Laurel,27.0,26.5,26.2,8.00,0.24,0.11,,9.50
2015-02,Balakilong Laurel,27.0,26.9,26.8,7.75,0.33,0.11,,7.40
2015-02,Buso Buso Laurel,27.5,26.8,26.3,7.75,0.45,0.15,,8.60
2015-02,Bañaga Agoncillo,27.2,27.0,26.2,8.00,0.34,0.12,,10.10
2015-02,Bilibinwang Agoncillo,26.8,26.8,26.5,8.00,0.31,0.14,,9.60
2015-02,Subic Ilaya Agoncilo,27.0,26.0,26.0,7.75,0.52,0.17,,9.30
2015-02,San Nicolas,26.8,25.8,25.8,8.00,0.27,0.17,,9.50
2015-02,Mataas na Kahoy,26.2,25.9,25.8,8.00,0.25,0.13,,7.60
2015-02,Tanauan,26.0,25.8,25.8,8.25,0.25,0.14,,7.20
2015-03,Aya Talisay,26.3,26.0,26.0,8.00,0.13,0.12,,5.00
2015-03,Tumaway Talisay,26.4,26.0,25.7,8.50,0.15,0.24,,4.30
2015-03,Sampaloc Talisay,26.8,25.7,25.7,7.75,0.13,0.23,,5.00
2015-03,Berinayan Laurel,27.5,26.7,26.0,8.25,0.14,0.16,,5.00
2015-03,Balakilong Laurel,27.8,26.5,26.8,8.25,0.14,0.18,,6.20
2015-03,Buso Buso Laurel,28.0,27.3,26.6,8.25,0.11,0.22,,4.70
2015-03,Bañaga Agoncillo,27.5,27.0,26.2,7.75,0.12,0.21,,5.40
2015-03,Bilibinwang Agoncillo,27.8,27.3,27.2,8.00,0.12,0.27,,4.70
2015-03,Subic Ilaya Agoncilo,27.8,26.4,26.2,8.50,0.12,0.17,,6.00
2015-03,San Nicolas,27.7,26.4,26.0,8.25,0.12,0.12,,5.90
2015-03,Mataas na Kahoy,26.4,26.1,26.0,8.00,0.13,0.06,,5.10
2015-03,Tanauan,26.5,26.0,26.0,8.50,0.13,0.07,,6.10
2015-04,Aya Talisay,28.8,27.0,26.5,8.50,0.19,0.03,,7.40
2015-04,Tumaway Talisay,28.2,26.8,26.6,8.50,0.22,0.07,,6.40
2015-04,Sampaloc Talisay,28.6,26.4,26.4,8.50,0.34,0.06,,6.00
2015-04,Berinayan Laurel,29.0,27.6,26.8,8.50,0.23,0.10,,6.00
2015-04,Balakilong Laurel,29.2,28.7,27.8,8.50,0.27,0.20,,5.10
2015-04,Buso Buso Laurel,29.2,27.6,27.0,8.50,0.27,0.24,,5.50
2015-04,Bañaga Agoncillo,29.2,28.4,27.2,8.50,0.26,0.15,,5.40
2015-04,Bilibinwang Agoncillo,29.2,29.0,28.4,8.25,0.36,0.13,,5.10
2015-04,Subic Ilaya Agoncilo,29.0,27.2,26.8,8.25,0.24,0.19,,5.50
2015-04,San Nicolas,28.8,27.0,26.3,8.25,0.30,0.19,,6.60
2015-04,Mataas na Kahoy,28.0,26.5,26.8,8.50,0.24,0.15,,4.20
2015-04,Tanauan,27.8,26.4,26.4,8.50,0.25,0.21,,3.70
2015-05,Aya Talisay,32.0,29.0,27.8,8.00,0.25,0.03,,7.60
2015-05,Tumaway Talisay,32.0,28.3,27.3,8.50,0.29,0.03,,7.60
2015-05,Sampaloc Talisay,31.9,31.3,26.0,8.50,0.27,0.03,,7.00
2015-05,Berinayan Laurel,32.0,27.5,27.0,9.00,0.28,0.04,,5.30
2015-05,Balakilong Laurel,31.8,29.2,29.0,8.50,0.27,0.02,,5.80
2015-05,Buso Buso Laurel,30.3,27.4,26.9,8.50,0.55,0.02,,6.00
2015-05,Bañaga Agoncillo,31.4,28.8,27.3,8.75,0.28,0.03,,5.60
2015-05,Bilibinwang Agoncillo,30.0,30.5,29.0,8.25,0.25,0.03,,7.80
2015-05,Subic Ilaya Agoncilo,29.4,27.2,27.0,8.00,0.26,0.13,,6.70
2015-05,San Nicolas,30.8,26.2,27.0,9.00,0.24,0.15,,7.50
2015-05,Mataas na Kahoy,29.5,25.6,26.7,8.50,0.25,0.08,,6.90
2015-05,Tanauan,29.7,26.9,26.7,8.25,0.24,0.04,,6.10
2015-06,Aya Talisay,32.0,28.3,27.0,8.75,0.23,0.02,,5.46
2015-06,Tumaway Talisay,32.3,28.8,27.0,8.50,0.23,0.02,,5.65
2015-06,Sampaloc Talisay,32.8,27.4,27.2,8.75,0.24,0.02,,5.76
2015-06,Berinayan Laurel,33.0,28.2,28.0,8.75,0.24,0.03,,5.53
2015-06,Balakilong Laurel,33.1,32.3,31.6,8.75,0.22,0.04,,6.31
2015-06,Buso Buso Laurel,32.0,28.3,27.2,8.75,0.23,0.04,,6.06
2015-06,Bañaga Agoncillo,32.3,29.3,28.0,8.75,0.24,0.02,,5.55
2015-06,Bilibinwang Agoncillo,32.0,30.8,30.3,8.50,0.26,0.03,,5.08
2015-06,Subic Ilaya Agoncilo,31.9,27.2,26.8,8.75,0.25,0.09,,6.60
2015-06,San Nicolas,31.6,27.0,27.5,8.75,0.21,0.08,,6.63
2015-06,Mataas na Kahoy,30.8,26.7,25.0,8.50,0.21,0.13,,6.01
2015-06,Tanauan,31.6,27.0,27.0,8.75,0.21,0.16,,6.52
2015-07,Aya Talisay,30.3,28.8,27.9,8.75,0.00,0.00,,7.18
2015-07,Tumaway Talisay,30.4,28.2,27.4,8.75,0.00,0.00,,5.80
2015-07,Sampaloc Talisay,30.6,20.0,27.8,8.75,0.00,0.00,,4.96
2015-07,Berinayan Laurel,30.9,27.8,27.8,8.50,0.00,0.00,,4.20
2015-07,Balakilong Laurel,31.3,29.5,30.0,8.75,0.00,0.02,,5.20
2015-07,Buso Buso Laurel,31.2,29.4,27.8,8.75,0.00,0.01,,5.18
2015-07,Bañaga Agoncillo,31.2,29.6,30.2,8.50,0.00,0.01,,4.33
2015-07,Bilibinwang Agoncillo,31.1,29.9,30.2,8.75,0.00,0.03,,4.67
2015-07,Subic Ilaya Agoncilo,30.0,29.8,29.8,8.75,0.00,0.00,,5.40
2015-07,San Nicolas,31.5,27.2,27.2,8.75,0.00,0.00,,5.85
2015-07,Mataas na Kahoy,30.0,26.8,26.4,8.75,0.00,0.00,,5.93
2015-07,Tanauan,30.7,27.0,26.9,8.50,0.00,0.00,,5.93
2015-08,Aya Talisay,30.1,27.0,26.8,8.25,0.41,0.00,,5.92
2015-08,Tumaway Talisay,30.0,29.2,27.2,8.75,0.33,0.00,,5.95
2015-08,Sampaloc Talisay,29.8,26.9,26.9,8.75,0.44,0.00,,5.22
2015-08,Berinayan Laurel,29.9,27.2,27.0,8.50,0.50,0.00,,4.37
2015-08,Balakilong Laurel,29.9,29.8,29.8,8.50,0.35,0.00,,4.07
2015-08,Buso Buso Laurel,30.0,29.8,27.1,8.25,0.40,0.00,,5.12
2015-08,Bañaga Agoncillo,30.0,29.8,27.8,8.50,0.38,0.00,,3.99
2015-08,Bilibinwang Agoncillo,30.1,29.8,29.8,8.25,0.33,0.00,,3.37
2015-08,Subic Ilaya Agoncilo,29.8,29.2,26.9,8.50,0.45,0.00,,5.10
2015-08,San Nicolas,30.3,28.6,27.0,8.50,0.33,0.00,,5.71
2015-08,Mataas na Kahoy,30.8,27.2,27.0,8.25,0.28,0.00,,6.64
2015-08,Tanauan,32.2,27.8,26.8,8.75,0.33,0.00,,6.22
2015-09,Aya Talisay,31.5,27.5,26.6,8.94,0.06,0.00,,9.60
2015-09,Tumaway Talisay,31.5,29.2,27.0,8.95,0.05,0.00,,7.99
2015-09,Sampaloc Talisay,31.0,27.2,26.8,8.74,0.14,0.00,,5.00
2015-09,Berinayan Laurel,31.2,28.3,27.0,8.82,0.15,0.00,,7.10
2015-09,Balakilong Laurel,31.0,30.5,29.5,8.80,0.02,0.03,,7.50
2015-09,Buso Buso Laurel,31.6,29.7,28.6,8.67,0.10,0.00,,4.10
2015-09,Bañaga Agoncillo,31.5,31.0,29.7,8.72,0.03,0.00,,5.36
2015-09,Bilibinwang Agoncillo,32.0,31.5,31.2,8.77,0.08,0.00,,4.75
2015-09,Subic Ilaya Agoncilo,31.8,29.8,27.5,8.87,0.08,0.00,,4.88
2015-09,San Nicolas,32.3,28.2,27.3,8.94,0.00,0.00,,4.97
2015-09,Mataas na Kahoy,32.4,27.0,27.0,8.92,0.01,0.00,,5.04
2015-09,Tanauan,31.3,27.2,27.0,8.95,0.07,0.00,,5.65
2015-10,Aya Talisay,29.5,28.5,27.0,8.54,0.38,0.06,,5.25
2015-10,Tumaway Talisay,29.5,28.5,27.0,8.61,0.33,0.06,,5.90
2015-10,Sampaloc Talisay,29.0,27.0,27.0,8.70,0.53,0.06,,5.94
2015-10,Berinayan Laurel,30.0,28.0,26.5,8.51,0.35,0.06,,5.81
2015-10,Balakilong Laurel,29.5,30.0,29.5,8.79,0.26,0.07,,6.18
2015-10,Buso Buso Laurel,29.0,29.5,28.9,8.74,0.26,0.07,,5.54
2015-10,Bañaga Agoncillo,29.5,29.3,28.8,8.88,0.27,0.05,,5.28
2015-10,Bilibinwang Agoncillo,29.5,29.5,29.2,8.64,0.24,0.04,,5.69
2015-10,Subic Ilaya Agoncilo,29.5,28.9,27.8,8.65,0.31,0.07,,6.11
2015-10,San Nicolas,29.0,27.0,26.0,8.80,0.28,0.11,,6.78
2015-10,Mataas na Kahoy,29.0,27.0,27.0,8.56,0.23,0.14,,6.13
2015-10,Tanauan,29.5,27.0,26.8,8.93,0.35,0.05,,6.24
2015-11,Aya Talisay,29.0,28.0,27.8,7.24,0.00,0.05,,5.62
2015-11,Tumaway Talisay,29.2,28.8,28.0,7.19,0.02,0.05,,5.87
2015-11,Sampaloc Talisay,29.8,28.6,27.0,7.18,0.44,0.05,,5.74
2015-11,Berinayan Laurel,29.2,28.8,27.0,7.23,0.36,0.11,,5.79
2015-11,Balakilong Laurel,29.0,28.5,28.0,7.21,0.18,0.05,,5.92
2015-11,Buso Buso Laurel,29.0,28.8,27.0,7.17,0.41,0.05,,5.63
2015-11,Bañaga Agoncillo,29.4,29.0,29.0,7.19,0.33,0.07,,5.67
2015-11,Bilibinwang Agoncillo,29.2,29.0,28.5,7.25,0.27,0.09,,5.78
2015-11,Subic Ilaya Agoncilo,29.0,27.5,26.0,7.34,0.25,0.07,,6.30
2015-11,San Nicolas,28.2,27.0,26.7,7.24,0.27,0.07,,3.93
2015-11,Mataas na Kahoy,28.5,26.5,26.8,7.21,0.25,0.11,,4.18
2015-11,Tanauan,27.0,26.6,26.3,7.21,0.54,0.08,,5.38
2015-12,Aya Talisay,28.8,28.0,27.0,8.75,0.12,0.07,,5.66
2015-12,Tumaway Talisay,28.5,27.0,26.0,8.25,0.16,0.03,,5.97
2015-12,Sampaloc Talisay,28.0,27.5,26.9,8.50,0.33,0.04,,5.90
2015-12,Berinayan Laurel,29.0,27.5,26.8,8.50,0.22,0.04,,5.73
2015-12,Balakilong Laurel,28.8,28.5,27.0,8.25,0.10,0.05,,6.53
2015-12,Buso Buso Laurel,28.8,28.5,27.8,8.25,0.37,0.05,,6.25
2015-12,Bañaga Agoncillo,29.0,28.5,28.2,8.25,0.15,0.09,,5.22
2015-12,Bilibinwang Agoncillo,29.0,28.8,28.8,8.25,0.15,0.07,,4.41
2015-12,Subic Ilaya Agoncilo,28.3,27.6,27.0,8.50,0.20,0.07,,5.99
2015-12,San Nicolas,28.5,26.9,26.8,8.50,0.10,0.07,,6.11
2015-12,Mataas na Kahoy,28.1,26.8,26.5,8.25,0.12,0.07,,6.17
2015-12,Tanauan,28.0,27.0,26.6,8.50,0.14,0.07,,4.59
2016-01,Aya Talisay,26.8,26.7,26.4,8.00,0.16,0.02,,3.87
2016-01,Tumaway Talisay,26.8,26.6,26.4,8.25,0.23,0.05,,3.78
2016-01,Sampaloc Talisay,27.3,25.4,25.6,8.00,0.35,0.04,,3.60
2016-01,Berinayan Laurel,27.2,26.9,26.0,7.75,0.45,0.04,,3.55
2016-01,Balakilong Laurel,27.4,27.3,26.8,8.25,0.25,0.05,,4.07
2016-01,Buso Buso Laurel,27.2,26.7,26.2,8.00,0.34,0.06,,3.67
2016-01,Bañaga Agoncillo,27.3,27.2,26.8,8.00,0.25,0.08,,3.39
2016-01,Bilibinwang Agoncillo,27.2,27.0,27.0,8.25,0.24,0.09,,3.78
2016-01,Subic Ilaya Agoncilo,27.0,27.0,26.3,7.75,0.36,0.07,,4.84
2016-01,San Nicolas,26.8,26.2,25.6,8.25,0.19,0.04,,4.97
2016-01,Mataas na Kahoy,27.8,25.6,25.6,8.25,0.19,0.05,,4.52
2016-01,Tanauan,27.5,26.2,26.5,8.25,0.23,0.03,,4.24
2016-02,Aya Talisay,25.8,26.0,25.8,7.75,0.17,0.04,,3.65
2016-02,Tumaway Talisay,25.6,25.7,25.6,8.00,0.20,0.10,,3.74
2016-02,Sampaloc Talisay,26.0,25.8,25.4,7.75,0.38,0.10,,4.21
2016-02,Berinayan Laurel,26.0,26.0,25.9,8.00,0.27,0.08,,5.16
2016-02,Balakilong Laurel,26.0,26.0,26.0,8.00,0.18,0.10,,5.31
2016-02,Buso Buso Laurel,26.0,26.0,26.0,8.00,0.24,0.08,,4.95
2016-02,Bañaga Agoncillo,26.0,26.1,25.8,8.00,0.13,0.04,,4.68
2016-02,Bilibinwang Agoncillo,26.1,26.0,26.2,8.00,0.17,0.08,,4.28
2016-02,Subic Ilaya Agoncilo,26.0,25.8,25.8,8.25,0.12,0.06,,6.36
2016-02,San Nicolas,25.9,25.8,25.4,8.25,0.12,0.13,,7.44
2016-02,Mataas na Kahoy,25.3,25.3,25.0,8.25,0.10,.09.09,,5.31
2016-02,Tanauan,25.4,25.3,24.9,8.00,0.16,0.04,,4.18
2016-03,Aya Talisay,28.8,26.6,26.4,8.75,0.21,0.09,,6.90
2016-03,Tumaway Talisay,28.8,27.7,27.3,8.50,0.22,0.12,,6.78
2016-03,Sampaloc Talisay,27.8,26.7,26.3,8.25,0.39,0.11,,3.41
2016-03,Berinayan Laurel,27.1,26.6,26.3,8.00,0.25,0.18,,2.49
2016-03,Balakilong Laurel,27.6,27.1,26.8,8.25,0.25,0.18,,2.48
2016-03,Buso Buso Laurel,27.9,26.7,26.9,8.50,0.20,0.10,,2.96
2016-03,Bañaga Agoncillo,28.2,27.1,27.0,8.50,0.18,0.13,,3.45
2016-03,Bilibinwang Agoncillo,28.4,27.3,27.3,8.75,0.18,0.14,,4.18
2016-03,Subic Ilaya Agoncilo,27.4,27.1,26.8,8.50,0.16,0.09,,4.31
2016-03,San Nicolas,27.6,26.8,26.6,8.75,0.16,0.12,,5.52
2016-03,Mataas na Kahoy,28.2,27.1,27.0,8.75,0.10,0.12,,7.33
2016-03,Tanauan,29.7,27.0,26.8,8.75,0.46,0.06,,6.70
2016-04,Aya Talisay,28.4,27.4,27.2,8.75,0.32,0.09,,7.55
2016-04,Tumaway Talisay,28.4,27.2,27.0,8.75,0.29,0.10,,7.86
2016-04,Sampaloc Talisay,29.6,27.4,27.2,8.50,0.39,0.09,,7.57
2016-04,Berinayan Laurel,29.8,27.3,27.6,8.75,0.26,0.09,,7.17
2016-04,Balakilong Laurel,29.8,28.8,28.0,8.75,0.27,0.07,,8.35
2016-04,Buso Buso Laurel,29.4,27.5,27.0,8.75,0.44,0.08,,7.22
2016-04,Bañaga Agoncillo,29.7,29.0,27.3,8.25,0.28,0.10,,6.78
2016-04,Bilibinwang Agoncillo,29.6,29.2,28.8,8.35,0.24,0.06,,6.62
2016-04,Subic Ilaya Agoncilo,29.2,27.2,27.0,9.25,0.28,0.09,,8.77
2016-04,San Nicolas,29.6,27.0,26.8,9.25,0.27,0.76,,9.72
2016-04,Mataas na Kahoy,28.0,26.8,26.4,9.25,0.29,0.08,,6.35
2016-04,Tanauan,28.2,26.6,26.4,9.25,0.70,0.02,,10.26
2016-05,Aya Talisay,30.0,27.0,26.5,8.75,0.36,,,5.56
2016-05,Tumaway Talisay,30.0,26.5,27.5,8.75,0.15,,,5.54
2016-05,Sampaloc Talisay,32.5,28.0,26.0,8.73,0.28,,,5.42
2016-05,Berinayan Laurel,32.2,28.1,27.8,8.76,0.48,,,6.01
2016-05,Balakilong Laurel,32.1,29.5,27.5,8.77,0.26,,,6.02
2016-05,Buso Buso Laurel,32.0,27.0,26.5,8.69,0.36,,,5.06
2016-05,Bañaga Agoncillo,31.9,28.5,26.5,8.62,0.36,,,3.52
2016-05,Bilibinwang Agoncillo,32.1,31.0,28.5,8.67,0.35,,,4.28
2016-05,Subic Ilaya Agoncilo,32.1,28.0,27.5,8.90,0.26,,,6.23
2016-05,San Nicolas,32.0,29.5,27.5,8.88,0.26,,,5.94
2016-05,Mataas na Kahoy,31.5,28.0,26.0,8.67,0.30,,,3.42
2016-05,Tanauan,32.0,27.5,26.2,8.86,0.30,,,6.37
2016-06,Aya Talisay,30.7,27.5,27.0,8.44,0.20,0.00,,6.46
2016-06,Tumaway Talisay,30.0,27.2,27.0,8.47,0.20,0.00,,6.26
2016-06,Sampaloc Talisay,30.8,27.0,26.9,8.43,0.18,0.02,,5.08
2016-06,Berinayan Laurel,30.5,27.0,27.0,8.27,0.16,0.01,,2.77
2016-06,Balakilong Laurel,30.7,30.5,29.4,8.22,0.11,0.00,,2.52
2016-06,Buso Buso Laurel,30.5,28.5,27.4,8.28,0.27,0.00,,3.65
2016-06,Bañaga Agoncillo,30.9,29.5,28.2,8.32,0.22,0.00,,4.04
2016-06,Bilibinwang Agoncillo,30.5,30.4,29.5,8.27,0.20,0.00,,3.95
2016-06,Subic Ilaya Agoncilo,30.2,28.0,27.5,8.32,0.19,0.00,,3.40
2016-06,San Nicolas,30.8,27.4,27.2,8.37,0.15,0.01,,4.31
2016-06,Mataas na Kahoy,31.3,27.5,27.1,8.53,0.18,0.00,,6.53
2016-06,Tanauan,31.5,27.3,27.0,8.55,0.34,0.00,,7.12
2016-07,Aya Talisay,32.8,28.9,26.5,8.63,0.33,,,7.16
2016-07,Tumaway Talisay,31.9,27.9,27.7,8.69,0.29,,,7.40
2016-07,Sampaloc Talisay,32.8,27.7,27.9,8.63,0.49,,,8.29
2016-07,Berinayan Laurel,32.9,27.7,27.3,8.39,0.42,,,4.95
2016-07,Balakilong Laurel,32.7,30.5,29.8,8.39,0.24,,,5.53
2016-07,Buso Buso Laurel,31.8,28.0,27.5,8.55,0.37,,,7.53
2016-07,Bañaga Agoncillo,31.9,30.4,28.0,8.27,0.28,,,3.96
2016-07,Bilibinwang Agoncillo,31.5,29.0,28.0,8.29,0.23,,,5.69
2016-07,Subic Ilaya Agoncilo,30.0,27.5,27.0,8.36,0.35,,,10.10
2016-07,San Nicolas,31.8,27.9,27.0,8.69,0.27,,,10.00
2016-07,Mataas na Kahoy,31.2,27.0,27.5,8.61,0.21,,,9.10
2016-07,Tanauan,28.0,27.0,26.8,8.59,0.46,,,9.38
2016-08,Aya Talisay,29.5,29.8,27.5,8.82,0.33,0.00,,7.25
2016-08,Tumaway Talisay,29.5,29.8,27.8,8.82,0.36,0.00,,7.54
2016-08,Sampaloc Talisay,29.2,27.2,26.9,8.78,0.30,0.00,,6.51
2016-08,Berinayan Laurel,29.2,27.2,27.2,8.61,0.59,0.00,,4.53
2016-08,Balakilong Laurel,29.3,29.1,29.0,8.55,0.32,0.01,,4.12
2016-08,Buso Buso Laurel,29.3,29.2,28.6,8.69,0.41,0.01,,6.13
2016-08,Bañaga Agoncillo,29.0,29.4,29.5,8.66,0.30,0.04,,5.35
2016-08,Bilibinwang Agoncillo,29.5,29.2,28.0,8.65,0.41,0.01,,5.55
2016-08,Subic Ilaya Agoncilo,29.2,27.9,27.0,8.57,0.43,0.00,,5.62
2016-08,San Nicolas,29.3,27.5,27.3,8.58,0.37,0.01,,6.40
2016-08,Mataas na Kahoy,29.1,26.9,26.5,8.68,0.33,0.01,,7.53
2016-08,Tanauan,29.1,27.2,27.0,8.75,0.36,0.00,,7.57
2016-09,Aya Talisay,29.5,27.6,27.0,8.96,0.29,0.00,,8.44
2016-09,Tumaway Talisay,29.8,29.4,27.2,9.02,0.06,0.00,,8.86
2016-09,Sampaloc Talisay,30.5,27.3,27.0,8.89,,0.00,,7.02
2016-09,Berinayan Laurel,29.3,28.4,27.1,8.75,0.09,0.00,,5.07
2016-09,Balakilong Laurel,30.2,30.0,29.3,8.77,0.04,0.00,,5.20
2016-09,Buso Buso Laurel,30.0,29.4,27.6,8.82,0.06,0.00,,6.42
2016-09,Bañaga Agoncillo,30.5,30.0,29.1,8.75,0.04,0.00,,5.45
2016-09,Bilibinwang Agoncillo,30.5,29.8,27.4,8.76,0.04,0.00,,6.11
2016-09,Subic Ilaya Agoncilo,30.4,28.7,27.2,8.79,0.03,0.00,,6.30
2016-09,San Nicolas,29.6,27.3,27.0,8.96,0.09,0.00,,8.52
2016-09,Mataas na Kahoy,30.6,27.1,26.8,8.95,0.03,0.00,,8.77
2016-09,Tanauan,29.7,27.3,27.0,9.04,0.03,0.00,,9.39
2016-10,Aya Talisay,29.5,28.0,27.5,8.65,0.10,0.07,,4.46
2016-10,Tumaway Talisay,29.5,27.0,27.0,8.67,0.32,0.05,,4.65
2016-10,Sampaloc Talisay,29.7,28.8,26.9,8.55,0.41,0.07,,3.48
2016-10,Berinayan Laurel,29.8,27.4,27.0,8.47,0.45,0.05,,2.51
2016-10,Balakilong Laurel,29.7,29.8,29.5,8.60,0.09,0.09,,3.90
2016-10,Buso Buso Laurel,30.0,29.7,27.4,8.49,0.25,0.07,,3.88
2016-10,Bañaga Agoncillo,29.8,29.7,28.0,8.37,0.21,0.10,,2.44
2016-10,Bilibinwang Agoncillo,30.1,29.5,29.2,8.53,0.07,0.08,,4.22
2016-10,Subic Ilaya Agoncilo,29.7,27.6,27.1,8.69,0.26,0.08,,5.70
2016-10,San Nicolas,29.8,27.7,27.3,8.74,0.24,0.05,,7.24
2016-10,Mataas na Kahoy,30.2,27.6,27.0,8.75,0.23,0.07,,7.01
2016-10,Tanauan,30.1,29.8,27.5,8.51,0.20,0.07,,7.55
2016-11,Aya Talisay,28.3,27.8,26.6,7.56,0.37,0.04,,4.48
2016-11,Tumaway Talisay,28.0,27.7,26.5,7.53,0.35,0.05,,4.81
2016-11,Sampaloc Talisay,28.2,26.5,26.7,7.57,0.50,0.03,,4.52
2016-11,Berinayan Laurel,28.3,26.9,26.1,7.56,0.46,0.05,,4.09
2016-11,Balakilong Laurel,28.2,28.0,27.8,7.63,0.23,0.08,,4.71
2016-11,Buso Buso Laurel,28.2,27.9,26.5,7.57,0.37,0.06,,4.14
2016-11,Bañaga Agoncillo,28.2,27.8,27.8,7.54,0.26,0.04,,3.92
2016-11,Bilibinwang Agoncillo,28.5,28.0,26.0,7.61,0.39,0.12,,4.47
2016-11,Subic Ilaya Agoncilo,28.2,27.9,26.8,7.72,0.33,0.10,,5.64
2016-11,San Nicolas,28.5,26.9,26.8,7.74,0.35,0.09,,6.23
2016-11,Mataas na Kahoy,27.9,26.8,27.8,7.58,0.27,0.08,,5.49
2016-11,Tanauan,28.0,27.0,26.5,7.36,0.31,0.05,,4.90
2016-12,Aya Talisay,28.1,28.0,27.0,7.31,0.50,0.06,,4.84
2016-12,Tumaway Talisay,28.0,28.0,28.9,7.43,0.43,0.05,,7.43
2016-12,Sampaloc Talisay,28.4,27.0,27.0,7.49,0.79,0.03,,7.49
2016-12,Berinayan Laurel,28.8,28.5,27.4,7.45,0.55,0.07,,7.45
2016-12,Balakilong Laurel,28.7,28.7,28.4,7.58,0.29,0.11,,7.58
2016-12,Buso Buso Laurel,29.0,29.0,27.6,7.44,0.50,0.06,,7.44
2016-12,Bañaga Agoncillo,28.9,28.8,28.7,7.39,0.36,0.06,,7.39
2016-12,Bilibinwang Agoncillo,28.3,28.2,28.1,7.43,0.32,0.08,,6.11
2016-12,Subic Ilaya Agoncilo,28.7,28.3,27.1,7.65,0.43,0.08,,7.92
2016-12,San Nicolas,24.3,27.4,26.8,7.64,0.42,0.10,,8.18
2016-12,Mataas na Kahoy,28.2,27.4,26.8,7.46,0.44,0.07,,7.06
2016-12,Tanauan,27.5,26.9,26.8,7.18,0.51,0.09,,6.03
2017-01,Aya Talisay,26.6,26.8,26.8,6.99,0.16,0.05,,5.51
2017-01,Tumaway Talisay,26.5,26.4,26.2,6.97,0.30,0.03,,4.76
2017-01,Sampaloc Talisay,27.0,26.8,27.7,6.96,0.27,0.06,,5.95
2017-01,Berinayan Laurel,27.1,26.9,27.0,7.13,0.20,0.53,,4.22
2017-01,Balakilong Laurel,26.9,26.9,26.9,7.24,0.16,0.56,,4.43
2017-01,Buso Buso Laurel,27.2,27.2,27.3,7.11,0.18,0.05,,4.08
2017-01,Bañaga Agoncillo,27.0,26.8,26.8,7.07,0.17,0.07,,3.42
2017-01,Bilibinwang Agoncillo,26.7,26.8,26.8,7.17,0.17,0.05,,4.62
2017-01,Subic Ilaya Agoncilo,27.2,27.0,26.8,7.32,0.09,0.05,,6.50
2017-01,Mataas na Kahoy,26.6,26.2,26.0,7.07,0.18,0.01,,6.03
2017-01,Tanauan,26.5,26.5,26.3,6.93,0.26,0.11,,5.91
2017-02,Aya Talisay,26.1,26.2,26.2,8.00,0.26,0.05,,4.43
2017-02,Tumaway Talisay,26.2,26.2,26.1,8.00,0.19,0.09,,4.56
2017-02,Sampaloc Talisay,26.5,26.2,26.2,8.00,0.32,0.09,,5.40
2017-02,Berinayan Laurel,26.3,26.3,26.3,7.50,0.35,0.15,,6.03
2017-02,Buso Buso Laurel,26.1,26.0,26.0,8.00,0.28,0.15,,5.36
2017-02,Bañaga Agoncillo,25.8,26.2,26.0,7.75,0.23,0.21,,5.97
2017-02,Bilibinwang Agoncillo,26.1,26.1,26.0,8.50,0.30,0.29,,5.48
2017-02,Subic Ilaya Agoncilo,26.1,26.1,26.1,8.00,0.25,0.20,,3.02
2017-03,Aya Talisay,27.5,27.0,27.0,7.75,0.19,0.08,,3.79
2017-03,Tumaway Talisay,27.2,27.0,26.8,7.92,0.21,0.17,,3.93
2017-03,Sampaloc Talisay,27.0,26.8,27.7,7.92,0.21,0.21,,3.16
2017-03,Berinayan Laurel,27.1,27.0,27.0,7.83,0.25,0.18,,4.22
2017-03,Balakilong Laurel,27.2,26.8,26.5,8.17,0.23,0.12,,6.57
2017-03,Buso Buso Laurel,27.5,27.2,27.0,7.92,0.26,0.23,,6.12
2017-03,Bañaga Agoncillo,27.5,27.0,27.0,7.92,0.24,0.17,,5.13
2017-03,Bilibinwang Agoncillo,28.0,27.2,26.8,7.92,0.27,0.26,,3.42
2017-03,Subic Ilaya Agoncilo,27.8,27.0,27.8,7.92,0.24,0.27,,3.99
2017-03,Mataas na Kahoy,26.5,26.0,26.2,7.75,0.17,0.26,,3.36
2017-03,Tanauan,26.2,26.0,25.8,7.75,0.15,0.27,,3.61
2017-04,Aya Talisay,29.8,27.3,27.0,8.50,0.18,0.12,,8.56
2017-04,Tumaway Talisay,29.8,27.3,27.0,8.00,0.15,0.18,,6.11
2017-04,Sampaloc Talisay,29.8,27.3,27.8,8.25,0.18,0.18,,7.21
2017-04,Berinayan Laurel,29.0,27.4,27.0,8.25,0.15,0.26,,6.47
2017-04,Balakilong Laurel,29.2,28.0,28.0,8.25,0.15,0.07,,6.11
2017-04,Buso Buso Laurel,29.2,27.3,26.7,8.08,0.20,0.09,,5.41
2017-04,Bañaga Agoncillo,29.0,27.7,27.0,8.33,0.20,0.19,,5.34
2017-04,Bilibinwang Agoncillo,28.7,27.0,27.0,8.25,0.15,0.23,,6.13
2017-04,Subic Ilaya Agoncilo,29.0,27.3,27.0,8.08,0.18,0.19,,6.66
2017-04,San Nicolas,28.3,26.4,26.5,8.00,0.19,0.19,,8.14
2017-04,Mataas na Kahoy,28.0,26.8,26.5,8.08,0.17,0.20,,8.32
2017-04,Tanauan,28.0,27.5,26.3,8.00,0.14,0.18,,9.00
2017-05,Aya Talisay,30.1,27.8,27.5,7.92,0.25,0.11,,7.02
2017-05,Tumaway Talisay,30.0,28.1,27.8,8.08,0.13,0.08,,6.89
2017-05,Sampaloc Talisay,31.5,27.8,27.8,7.92,0.17,0.10,,6.41
2017-05,Berinayan Laurel,30.8,27.8,27.8,8.00,0.24,0.08,,6.60
2017-05,Balakilong Laurel,30.8,30.8,29.0,8.25,0.14,0.08,,6.85
2017-05,Buso Buso Laurel,30.1,27.9,27.8,8.08,0.20,0.10,,6.84
2017-05,Bañaga Agoncillo,30.1,28.0,27.8,8.17,0.31,0.09,,5.31
2017-05,Bilibinwang Agoncillo,31.0,27.8,27.0,7.67,0.36,0.13,,5.35
2017-05,Subic Ilaya Agoncilo,30.6,27.8,27.0,8.08,0.36,0.07,,6.52
2017-05,San Nicolas,30.0,27.2,27.0,8.00,0.31,0.12,,7.42
2017-05,Mataas na Kahoy,28.9,27.0,26.8,8.08,0.27,0.07,,7.10
2017-05,Tanauan,30.0,27.8,27.5,7.75,0.25,0.12,,7.95
2017-06,Aya Talisay,33.2,27.2,27.0,8.17,1.01,0.16,,6.66
2017-06,Tumaway Talisay,33.2,28.4,27.2,8.25,0.84,0.17,,7.33
2017-06,Sampaloc Talisay,33.0,27.4,27.3,8.08,1.18,0.15,,6.31
2017-06,Berinayan Laurel,32.1,27.8,27.1,8.17,1.00,0.16,,4.06
2017-06,Balakilong Laurel,31.9,31.3,28.0,8.42,0.90,0.16,,5.67
2017-06,Buso Buso Laurel,31.8,28.2,27.3,7.83,1.10,0.14,,5.36
2017-06,Bañaga Agoncillo,32.0,30.2,27.8,8.00,0.48,0.15,,3.58
2017-06,Bilibinwang Agoncillo,31.2,27.8,31.0,7.92,0.88,0.14,,3.64
2017-06,Subic Ilaya Agoncilo,31.7,27.6,27.1,8.08,0.57,0.16,,5.09
2017-06,San Nicolas,31.0,27.0,27.0,7.92,0.39,0.18,,5.10
2017-06,Mataas na Kahoy,31.8,26.9,26.5,8.17,0.29,0.19,,7.21
2017-06,Tanauan,31.8,27.9,26.8,7.42,0.18,0.20,,7.93
2017-07,Aya Talisay,32.0,27.4,27.0,8.29,0.43,0.11,,4.70
2017-07,Tumaway Talisay,32.0,28.0,27.5,8.37,0.20,0.14,,4.06
2017-07,Sampaloc Talisay,32.0,27.0,26.8,8.12,0.54,0.11,,2.14
2017-07,Berinayan Laurel,32.0,27.5,27.0,8.20,0.40,0.14,,2.04
2017-07,Balakilong Laurel,32.0,31.2,29.0,8.47,0.27,0.10,,2.97
2017-07,Buso Buso Laurel,31.7,27.8,27.0,7.97,0.46,0.11,,3.36
2017-07,Bañaga Agoncillo,31.5,29.0,27.4,8.26,0.43,0.16,,1.33
2017-07,Bilibinwang Agoncillo,31.5,27.6,27.0,8.22,0.47,0.13,,1.60
2017-07,Subic Ilaya Agoncilo,31.2,27.1,27.6,8.26,0.39,0.14,,3.19
2017-07,San Nicolas,31.2,26.9,26.8,8.28,0.54,0.21,,5.97
2017-07,Mataas na Kahoy,31.2,26.8,26.8,8.29,0.53,0.14,,5.30
2017-07,Tanauan,31.3,26.8,27.0,8.39,0.41,0.14,,6.49
2017-08,Aya Talisay,31.3,27.8,27.2,8.49,0.40,0.09,,5.60
2017-08,Tumaway Talisay,31.2,29.8,27.5,8.88,0.21,0.09,,6.04
2017-08,Sampaloc Talisay,30.3,27.6,27.2,8.71,0.57,0.11,,4.70
2017-08,Berinayan Laurel,30.5,28.0,27.3,8.41,0.42,0.09,,2.68
2017-08,Balakilong Laurel,30.0,29.8,29.5,9.04,0.18,0.09,,4.45
2017-08,Buso Buso Laurel,30.2,29.5,28.0,8.76,0.30,0.06,,4.20
2017-08,Bañaga Agoncillo,30.3,29.6,29.1,8.97,0.28,0.06,,3.88
2017-08,Bilibinwang Agoncillo,30.1,29.0,27.3,8.70,0.37,0.10,,4.09
2017-08,Subic Ilaya Agoncilo,30.0,28.0,27.2,8.50,0.41,0.12,,4.37
2017-08,San Nicolas,29.3,27.0,26.8,8.40,0.44,0.10,,5.13
2017-08,Mataas na Kahoy,29.8,27.0,26.8,8.47,0.32,0.11,,5.63
2017-08,Tanauan,30.3,26.8,26.5,8.36,0.37,0.07,,6.60
2017-09,Aya Talisay,32.0,30.0,27.8,8.32,,0.01,,5.40
2017-09,Tumaway Talisay,32.0,31.0,29.6,8.64,,0.04,,5.29
2017-09,Sampaloc Talisay,31.5,28.0,27.8,8.11,,0.27,,4.70
2017-09,Berinayan Laurel,30.7,29.0,27.8,8.19,,0.02,,5.07
2017-09,Balakilong Laurel,30.9,30.5,30.2,8.71,,0.05,,4.70
2017-09,Buso Buso Laurel,30.8,29.7,28.1,8.31,,0.05,,4.48
2017-09,Bañaga Agoncillo,30.5,30.0,29.6,8.66,,0.03,,4.58
2017-09,Bilibinwang Agoncillo,30.5,29.0,27.5,8.26,0.01,0.06,,4.29
2017-09,Subic Ilaya Agoncilo,30.3,29.2,28.0,8.14,,0.03,,4.44
2017-09,San Nicolas,30.2,27.2,28.0,8.08,0.00,0.02,,4.16
2017-09,Mataas na Kahoy,30.2,27.7,27.2,8.20,,0.02,,4.75
2017-09,Tanauan,30.2,27.0,27.0,8.21,,0.04,,5.51
2017-10,Aya Talisay,30.4,29.3,27.2,8.44,0.02,0.00,,3.45
2017-10,Tumaway Talisay,30.8,30.2,28.9,8.38,0.00,0.00,,3.54
2017-10,Sampaloc Talisay,31.2,28.0,27.4,8.46,0.05,0.00,,3.54
2017-10,Berinayan Laurel,30.9,29.2,27.7,8.52,0.04,0.00,,2.48
2017-10,Balakilong Laurel,30.8,30.1,29.7,8.96,0.00,0.00,,3.62
2017-10,Buso Buso Laurel,30.6,30.2,28.0,8.72,0.14,0.00,,2.84
2017-10,Bañaga Agoncillo,30.9,30.9,29.7,8.43,0.01,0.00,,1.86
2017-10,Bilibinwang Agoncillo,30.4,30.2,30.0,8.85,0.00,0.00,,4.15
2017-10,Subic Ilaya Agoncilo,30.3,28.7,28.2,8.39,0.02,0.00,,4.76
2017-10,San Nicolas,30.2,28.0,27.0,8.31,0.02,0.00,,6.41
2017-10,Mataas na Kahoy,30.1,26.8,29.8,8.78,0.03,0.00,,5.84
2017-10,Tanauan,29.8,27.0,26.7,8.44,0.02,0.00,,4.66
2017-11,Aya Talisay,29.2,28.4,27.2,8.39,0.35,0.04,,4.17
2017-11,Tumaway Talisay,29.2,28.9,27.3,8.45,0.37,0.04,,4.57
2017-11,Sampaloc Talisay,29.7,27.3,27.2,8.19,0.54,0.03,,4.55
2017-11,Berinayan Laurel,30.4,27.7,27.8,8.21,0.56,0.04,,4.76
2017-11,Balakilong Laurel,30.2,30.1,29.6,8.93,0.17,0.05,,6.13
2017-11,Buso Buso Laurel,30.3,29.7,27.6,8.37,0.57,0.05,,4.09
2017-11,Bañaga Agoncillo,29.8,29.8,29.5,8.79,0.33,0.06,,3.52
2017-11,Bilibinwang Agoncillo,29.7,28.4,27.2,8.55,0.42,0.05,,4.14
2017-11,Subic Ilaya Agoncilo,29.8,28.6,27.5,8.65,0.37,0.07,,5.42
2017-11,San Nicolas,30.2,27.8,27.5,8.49,0.31,0.06,,6.03
2017-11,Mataas na Kahoy,29.1,27.2,28.0,8.43,0.39,0.05,,5.05
2017-11,Tanauan,29.0,27.8,28.2,8.29,0.52,0.06,,4.75
2017-12,Aya Talisay,28.5,28.2,28.2,8.30,0.73,0.03,,5.12
2017-12,Tumaway Talisay,29.8,28.3,27.5,8.52,0.76,0.03,,5.19
2017-12,Sampaloc Talisay,28.8,28.0,27.4,8.17,1.02,0.03,,5.71
2017-12,Berinayan Laurel,29.0,28.7,27.7,8.24,0.96,0.04,,5.58
2017-12,Balakilong Laurel,29.0,29.0,28.5,8.53,0.69,0.04,,5.41
2017-12,Buso Buso Laurel,29.3,29.2,29.1,8.44,0.81,0.07,,4.67
2017-12,Bañaga Agoncillo,29.0,28.8,28.8,8.16,0.96,0.07,,4.62
2017-12,Bilibinwang Agoncillo,29.9,29.3,28.8,8.40,0.79,0.07,,4.75
2017-12,Subic Ilaya Agoncilo,28.8,28.6,27.4,8.29,0.38,0.05,,5.44
2017-12,San Nicolas,28.8,28.0,27.2,8.34,0.39,0.06,,6.06
2017-12,Mataas na Kahoy,28.3,28.3,27.9,8.35,0.36,0.04,,5.44
2017-12,Tanauan,28.2,27.0,27.6,8.13,0.47,0.05,,5.00
2018-01,Quiling Talisay,27.3,27.2,27.2,8.06,0.56,0.14,2.27,3.37
2018-01,Sampaloc Talisay,27.8,27.3,27.2,8.05,0.66,0.06,2.39,4.95
2018-01,San Isidro Talisay,27.3,27.2,27.0,8.01,0.56,0.14,2.38,3.60
2018-01,Leviste Laurel,27.6,27.1,27.1,8.02,0.56,0.11,2.27,4.41
2018-01,Buso Buso Laurel,27.7,27.2,27.0,8.04,0.61,0.08,2.31,3.04
2018-01,Bañaga Agoncillo,27.2,27.1,27.0,8.00,0.63,0.19,2.27,2.34
2018-01,Subic Ilaya Agoncilo,27.0,26.8,26.7,8.19,0.50,0.08,2.22,5.27
2018-01,San Nicolas,26.8,26.7,26.7,8.11,0.39,0.14,2.26,4.74
2018-01,Tanauan,26.5,26.2,26.2,8.15,0.53,0.12,2.24,4.10
2018-02,Quiling Talisay,26.2,26.2,26.0,7.90,0.32,0.38,2.43,4.90
2018-02,Sampaloc Talisay,26.4,26.2,26.1,7.80,0.53,0.11,2.47,4.20
2018-02,San Isidro Talisay,26.8,26.3,26.2,7.86,0.50,0.15,2.36,5.60
2018-02,Leviste Laurel,26.8,26.3,26.1,7.89,0.49,0.17,2.38,3.94
2018-02,Buso Buso Laurel,26.9,26.6,26.5,7.70,0.61,0.22,2.41,2.84
2018-02,Bañaga Agoncillo,29.9,29.9,29.7,7.78,0.42,0.29,2.34,2.57
2018-02,Subic Ilaya Agoncilo,27.0,26.8,26.7,7.86,0.34,0.36,2.35,3.29
2018-02,San Nicolas,26.9,26.8,26.5,8.06,0.30,0.17,2.31,5.23
2018-02,Tanauan,26.7,26.8,26.4,7.72,0.33,0.23,2.43,4.15
2018-03,Quiling Talisay,26.8,26.4,26.4,8.19,0.36,0.09,2.48,5.17
2018-03,Sampaloc Talisay,26.8,27.0,26.8,8.32,0.35,0.09,2.52,5.47
2018-03,San Isidro Talisay,27.7,27.8,27.5,8.16,0.36,0.09,2.45,4.85
2018-03,Leviste Laurel,28.0,28.2,27.8,8.23,0.36,0.04,2.37,4.59
2018-03,Buso Buso Laurel,28.2,26.5,27.0,8.11,0.39,0.08,2.40,5.29
2018-03,Bañaga Agoncillo,28.8,28.2,27.8,8.19,0.42,0.08,2.43,3.53
2018-03,Subic Ilaya Agoncilo,28.7,27.5,27.4,8.09,0.36,0.09,2.37,4.64
2018-03,San Nicolas,28.9,27.9,26.8,8.13,0.43,0.08,2.46,4.90
2018-03,Tanauan,28.0,27.3,26.1,8.15,0.34,0.15,2.48,5.14
2018-04,Quiling Talisay,28.0,27.4,27.0,8.46,0.00,0.07,2.40,5.74
2018-04,Sampaloc Talisay,29.1,27.5,27.2,8.41,0.00,0.07,2.38,4.55
2018-04,San Isidro Talisay,28.6,27.3,27.0,8.39,0.00,0.10,2.38,5.49
2018-04,Leviste Laurel,29.6,27.6,27.4,8.32,0.00,0.10,2.37,4.43
2018-04,Buso Buso Laurel,28.8,27.7,27.2,8.12,0.00,0.12,2.35,3.35
2018-04,Bañaga Agoncillo,28.2,27.8,27.3,8.08,0.00,0.12,2.38,3.69
2018-04,Subic Ilaya Agoncilo,28.4,27.5,27.0,8.33,0.00,0.12,2.35,5.01
2018-04,San Nicolas,28.0,27.0,26.5,8.34,0.00,0.13,2.31,6.35
2018-04,Tanauan,27.4,26.3,26.1,8.04,0.00,0.13,2.33,6.10
2018-05,Quiling Talisay,28.8,27.2,27.6,8.27,,,2.32,6.72
2018-05,Sampaloc Talisay,29.9,27.2,27.2,8.31,0.08,,2.41,6.37
2018-05,San Isidro Talisay,30.7,28.4,27.3,8.35,0.03,,2.44,6.39
2018-05,Leviste Laurel,30.7,28.9,27.5,8.35,0.03,,2.38,6.30
2018-05,Buso Buso Laurel,30.5,28.6,27.7,8.42,0.07,,2.48,5.21
2018-05,Bañaga Agoncillo,31.3,30.4,28.2,8.38,0.02,,2.46,5.24
2018-05,Subic Ilaya Agoncilo,30.6,28.6,28.1,8.37,,,2.39,5.29
2018-05,Mataas na Kahoy,30.8,28.8,27.8,8.64,,,2.51,7.12
2018-05,Tanauan,30.2,27.4,27.3,8.52,0.02,,2.52,7.77
2018-06,Quiling Talisay,31.8,29.5,28.3,8.39,0.25,0.13,2.44,5.64
2018-06,Sampaloc Talisay,31.7,27.7,28.1,7.99,0.49,0.06,2.63,4.38
2018-06,San Isidro Talisay,32.0,28.8,27.8,8.33,0.31,0.09,2.45,5.47
2018-06,Leviste Laurel,31.3,30.3,28.7,8.26,0.41,0.11,3.09,4.53
2018-06,Buso Buso Laurel,31.2,29.8,28.3,8.20,0.48,0.11,2.55,3.51
2018-06,Bañaga Agoncillo,32.0,30.6,28.3,8.44,0.39,0.12,2.43,3.61
2018-06,Subic Ilaya Agoncilo,31.6,30.5,28.1,8.58,0.38,0.07,2.46,3.74
2018-06,Mataas na Kahoy,31.0,27.3,27.2,8.33,0.29,0.10,2.46,5.83
2018-06,Tanauan,30.8,27.8,27.2,8.30,0.37,0.02,2.58,5.68
2018-07,Quiling Talisay,31.5,29.8,27.8,8.23,0.17,0.05,2.51,5.92
2018-07,Sampaloc Talisay,29.3,27.8,28.1,8.24,0.37,0.03,2.55,5.08
2018-07,San Isidro Talisay,30.8,27.7,27.3,8.32,0.28,0.03,2.37,6.05
2018-07,Leviste Laurel,30.4,29.6,27.6,8.33,0.25,0.02,2.58,4.73
2018-07,Buso Buso Laurel,30.8,28.0,28.9,8.31,0.31,0.07,2.60,3.29
2018-07,Bañaga Agoncillo,30.4,29.6,27.8,8.33,0.24,0.08,2.51,4.95
2018-07,Subic Ilaya Agoncilo,30.0,28.1,29.2,8.34,0.37,0.11,2.52,5.21
2018-07,Mataas na Kahoy,29.4,27.4,27.2,8.34,0.28,0.02,2.48,5.84
2018-07,Tanauan,30.4,27.8,27.0,8.22,0.25,0.05,2.52,6.23
2018-08,Quiling Talisay,30.6,29.0,27.3,8.66,0.23,0.09,2.45,8.79
2018-08,Sampaloc Talisay,29.0,29.1,27.8,8.45,0.51,0.00,2.60,4.44
2018-08,San Isidro Talisay,30.2,27.4,27.1,8.52,0.88,0.03,2.56,6.86
2018-08,Leviste Laurel,30.0,28.5,27.7,8.33,0.34,0.06,2.50,4.75
2018-08,Buso Buso Laurel,29.8,28.8,27.6,8.25,0.42,0.07,2.50,3.47
2018-08,Bañaga Agoncillo,29.4,29.6,28.1,8.21,0.31,0.08,2.38,4.26
2018-08,Subic Ilaya Agoncilo,29.7,29.0,28.4,8.22,0.20,0.08,2.26,4.13
2018-08,Mataas na Kahoy,29.5,27.2,27.0,8.21,0.22,0.05,2.44,7.88
2018-08,Tanauan,30.2,27.0,28.8,8.24,0.22,0.04,2.49,9.23
2018-09,Quiling Talisay,29.5,28.5,28.0,8.11,0.25,0.12,2.18,9.26
2018-09,Sampaloc Talisay,29.1,27.5,28.1,8.28,0.46,0.05,2.51,7.22
2018-09,San Isidro Talisay,29.0,29.1,27.8,8.28,0.40,0.08,2.41,6.20
2018-09,Leviste Laurel,29.9,29.2,27.9,8.26,0.35,0.05,2.46,5.49
2018-09,Buso Buso Laurel,28.9,29.1,28.0,8.23,0.50,0.04,2.47,3.54
2018-09,Bañaga Agoncillo,29.1,28.8,28.8,8.34,0.55,0.14,2.25,2.73
2018-09,Subic Ilaya Agoncilo,29.0,29.0,29.0,8.37,0.20,0.09,2.30,3.51
2018-09,Mataas na Kahoy,29.0,27.0,27.5,8.34,0.55,0.03,2.50,8.64
2018-09,Tanauan,29.0,27.0,27.0,8.24,0.34,0.06,2.47,10.66
2018-10,Quiling Talisay,30.2,28.2,27.5,8.00,0.32,0.07,2.20,9.34
2018-10,Sampaloc Talisay,31.0,27.4,27.2,7.67,0.56,0.04,2.38,7.22
2018-10,San Isidro Talisay,30.6,28.8,27.3,8.00,0.29,0.04,2.31,6.33
2018-10,Leviste Laurel,31.2,29.2,28.6,8.08,0.25,0.13,2.20,5.49
2018-10,Buso Buso Laurel,30.0,28.2,27.6,8.00,0.46,0.06,2.39,3.54
2018-10,Bañaga Agoncillo,30.7,29.4,29.2,8.08,0.27,0.14,2.30,2.73
2018-10,Subic Ilaya Agoncilo,30.4,29.3,28.8,8.00,0.23,0.10,2.39,3.51
2018-10,Mataas na Kahoy,30.3,27.2,27.7,7.92,0.43,0.05,2.46,8.70
2018-10,Tanauan,29.0,27.0,27.0,8.25,0.34,0.01,2.45,10.66
2018-11,Quiling Talisay,29.2,29.0,28.0,7.83,0.12,0.03,2.39,4.34
2018-11,Sampaloc Talisay,29.2,27.2,27.3,7.58,0.50,0.08,2.60,5.13
2018-11,San Isidro Talisay,29.5,28.2,27.4,7.92,0.37,0.06,2.54,5.07
2018-11,Leviste Laurel,29.4,29.2,27.6,8.08,0.29,0.07,2.51,5.38
2018-11,Buso Buso Laurel,29.8,28.7,27.5,7.83,0.51,0.05,2.52,4.45
2018-11,Bañaga Agoncillo,29.8,29.4,28.3,7.92,0.27,0.11,2.49,3.07
2018-11,Subic Ilaya Agoncilo,29.4,29.2,27.8,8.25,0.26,0.14,2.48,4.44
2018-11,Mataas na Kahoy,28.3,27.8,27.0,7.83,0.25,0.12,2.48,4.97
2018-11,Tanauan,28.6,27.0,27.0,7.75,0.41,0.01,2.36,5.15
2018-12,Quiling Talisay,27.8,29.6,27.2,7.92,0.03,0.17,2.47,3.62
2018-12,Sampaloc Talisay,27.8,27.5,26.9,7.67,0.17,0.11,2.60,3.64
2018-12,San Isidro Talisay,28.2,27.9,27.3,7.92,0.10,0.12,2.52,5.28
2018-12,Leviste Laurel,28.1,28.0,28.0,7.83,,0.19,1.91,4.27
2018-12,Buso Buso Laurel,28.2,28.0,27.4,7.92,0.10,0.13,2.56,3.28
2018-12,Bañaga Agoncillo,28.3,28.0,28.2,7.92,0.47,0.16,2.86,5.60
2018-12,Subic Ilaya Agoncilo,28.2,28.0,28.0,8.17,,0.10,2.43,4.23
2018-12,Mataas na Kahoy,28.0,27.2,27.5,7.92,0.10,0.06,2.44,5.23
2018-12,Tanauan,28.0,27.2,27.0,7.42,0.17,0.11,2.55,5.96
2019-01,Quiling Talisay,26.9,26.8,26.8,8.06,0.10,0.30,2.50,4.05
2019-01,Sampaloc Talisay,26.8,26.4,26.3,8.15,0.29,0.24,2.46,3.42
2019-01,Leviste Laurel,26.7,26.8,26.2,8.24,0.15,0.25,2.36,4.06
2019-01,Buso Buso Laurel,26.8,26.8,26.7,8.16,0.21,0.24,2.40,2.95
2019-01,Bañaga Agoncillo,26.7,26.7,26.7,8.18,0.16,0.24,2.34,3.22
2019-01,Subic Ilaya Agoncilo,26.7,26.5,26.7,8.20,0.13,0.20,2.31,4.15
2019-01,Tanauan,26.3,26.3,26.3,8.17,0.08,0.24,2.58,3.11
2019-02,Quiling Talisay,26.5,26.7,26.5,7.75,0.02,0.28,2.43,2.79
2019-02,Sampaloc Talisay,26.9,26.8,26.8,7.75,0.01,0.28,2.31,2.94
2019-02,San Isidro Talisay,26.3,26.1,26.3,7.92,0.03,0.27,2.27,4.30
2019-02,Leviste Laurel,26.8,26.8,26.7,7.83,0.03,0.26,2.44,3.50
2019-02,Buso Buso Laurel,26.7,26.8,26.5,7.83,0.07,0.26,2.33,4.24
2019-02,Bañaga Agoncillo,26.8,26.8,26.7,7.92,0.01,0.20,2.16,3.60
2019-02,Subic Ilaya Agoncilo,27.0,26.9,26.9,7.75,0.01,0.16,2.53,3.62
2019-02,Tanauan,26.8,26.7,26.3,7.83,0.01,0.31,2.43,1.92
2019-03,Quiling Talisay,27.0,26.8,26.5,8.00,0.31,0.22,2.52,5.10
2019-03,Sampaloc Talisay,27.6,26.4,26.3,7.83,0.13,0.21,2.37,4.47
2019-03,San Isidro Talisay,28.8,27.0,26.6,8.00,0.12,0.21,2.35,4.68
2019-03,Leviste Laurel,27.6,26.8,27.0,7.83,0.12,0.23,2.53,6.34
2019-03,Buso Buso Laurel,27.8,26.7,26.6,7.83,0.09,0.23,2.41,4.32
2019-03,Bañaga Agoncillo,27.6,27.1,26.5,7.83,0.24,0.11,2.55,2.60
2019-03,Subic Ilaya Agoncilo,27.8,27.2,26.8,7.92,0.15,0.11,2.24,5.51
2019-03,Mataas na Kahoy,27.0,26.4,26.3,8.08,0.07,0.15,2.35,6.62
2019-03,Tanauan,26.9,26.3,26.2,7.92,0.05,0.22,2.29,5.60
2019-04,Quiling Talisay,28.5,27.8,27.2,7.92,0.11,0.23,2.49,4.92
2019-04,Sampaloc Talisay,29.8,27.2,26.8,8.00,0.09,0.24,2.77,5.83
2019-04,San Isidro Talisay,29.2,26.8,26.5,7.92,0.10,0.24,2.55,5.76
2019-04,Leviste Laurel,30.0,28.0,26.9,8.08,0.13,0.29,2.45,5.98
2019-04,Buso Buso Laurel,29.7,27.1,26.8,8.08,0.34,0.13,2.66,4.85
2019-04,Bañaga Agoncillo,29.6,28.9,27.0,8.00,0.28,0.17,2.36,3.98
2019-04,Subic Ilaya Agoncilo,29.8,29.5,27.2,8.17,0.25,0.22,2.44,4.40
2019-04,Mataas na Kahoy,28.2,26.8,26.7,8.33,0.18,0.30,2.44,6.17
2019-04,Tanauan,28.2,26.5,26.4,7.92,0.12,0.22,2.24,5.96
2019-05,Quiling Talisay,32.3,28.8,27.2,8.25,0.11,0.19,2.56,4.94
2019-05,Sampaloc Talisay,32.0,27.8,27.0,7.92,0.12,0.21,2.61,3.56
2019-05,San Isidro Talisay,31.8,27.3,27.0,7.92,0.18,0.05,2.61,6.29
2019-05,Leviste Laurel,32.0,29.2,27.8,8.25,0.11,0.11,2.57,4.94
2019-05,Buso Buso Laurel,31.5,27.9,26.9,7.92,0.37,0.09,2.64,2.89
2019-05,Bañaga Agoncillo,32.0,29.8,27.7,8.33,0.17,0.10,2.42,1.92
2019-05,Subic Ilaya Agoncilo,31.5,29.8,27.4,8.00,0.14,0.10,2.50,2.77
2019-05,Mataas na Kahoy,31.9,27.0,26.8,8.33,0.15,0.25,2.52,5.49
2019-05,Tanauan,31.8,26.8,26.8,8.33,0.15,0.42,2.54,5.84
2019-06,Quiling Talisay,31.2,26.8,26.5,7.92,0.38,0.10,2.60,5.28
2019-06,Sampaloc Talisay,31.5,27.0,26.5,8.17,0.33,0.11,2.64,3.90
2019-06,San Isidro Talisay,31.8,27.1,26.8,8.08,0.41,0.12,2.45,3.65
2019-06,Leviste Laurel,31.6,30.8,27.0,8.33,0.42,0.11,2.54,2.30
2019-06,Buso Buso Laurel,31.8,27.8,28.0,8.17,0.53,0.10,2.76,2.78
2019-06,Bañaga Agoncillo,31.9,31.0,27.5,8.33,0.47,0.13,2.51,2.03
2019-06,Subic Ilaya Agoncilo,31.8,31.1,27.5,8.42,0.39,0.11,2.53,2.46
2019-06,Mataas na Kahoy,32.0,27.7,27.0,8.33,0.26,0.13,2.58,6.26
2019-06,Tanauan,32.2,28.1,27.2,8.33,0.33,0.10,2.56,6.11
2019-07,Quiling Talisay,32.4,27.8,27.2,7.92,0.37,0.06,2.75,5.14
2019-07,Sampaloc Talisay,31.8,28.1,28.1,8.08,0.27,0.08,2.70,4.33
2019-07,San Isidro Talisay,31.8,29.0,27.3,8.00,0.28,0.06,2.70,4.77
2019-07,Leviste Laurel,31.0,30.8,27.3,8.08,0.25,0.11,2.66,4.20
2019-07,Buso Buso Laurel,31.3,30.8,27.3,7.83,0.39,0.09,2.55,4.45
2019-07,Bañaga Agoncillo,31.4,30.8,31.3,8.17,0.28,0.07,2.45,4.05
2019-07,Subic Ilaya Agoncilo,30.8,30.5,27.5,8.08,0.31,0.06,2.55,5.22
2019-07,Mataas na Kahoy,31.5,27.2,26.8,7.92,0.17,0.04,2.50,5.58
2019-07,Tanauan,31.6,27.0,26.9,8.17,0.20,0.06,2.53,5.77
2019-08,Quiling Talisay,28.8,28.8,26.8,8.17,0.16,0.15,2.47,5.46
2019-08,Sampaloc Talisay,28.8,28.7,27.0,8.08,0.19,0.12,2.53,4.60
2019-08,San Isidro Talisay,28.9,28.9,27.7,8.25,0.16,0.06,2.63,5.18
2019-08,Leviste Laurel,28.7,28.2,27.8,8.17,0.18,0.09,2.58,4.35
2019-08,Buso Buso Laurel,28.5,28.7,28.5,8.25,0.17,0.12,2.45,4.57
2019-08,Bañaga Agoncillo,29.0,29.0,28.7,8.08,0.16,0.17,2.53,5.04
2019-08,Subic Ilaya Agoncilo,28.8,28.8,28.8,8.25,0.14,0.20,2.63,4.92
2019-09,Quiling Talisay,29.2,27.8,26.8,8.00,0.34,0.01,2.55,4.81
2019-09,Sampaloc Talisay,29.1,28.8,26.8,8.08,0.30,0.01,2.47,3.10
2019-09,San Isidro Talisay,29.2,28.6,26.8,8.00,0.31,0.03,2.51,3.74
2019-09,Leviste Laurel,28.9,28.8,28.0,7.92,0.24,0.01,2.49,3.76
2019-09,Buso Buso Laurel,29.2,29.0,27.1,8.00,0.37,0.01,2.49,3.63
2019-09,Bañaga Agoncillo,29.4,29.4,28.3,7.92,0.31,0.02,2.50,3.36
2019-09,Subic Ilaya Agoncilo,29.0,29.0,28.2,7.83,0.24,0.04,2.43,3.45
2019-09,Tanauan,29.3,28.0,27.7,8.00,0.24,0.02,2.56,5.16
2019-10,Quiling Talisay,29.8,28.8,28.6,8.00,0.20,0.03,2.46,3.87
2019-10,Sampaloc Talisay,30.2,28.4,26.9,8.00,0.29,0.01,2.51,3.63
2019-10,San Isidro Talisay,30.0,28.8,27.2,7.92,0.36,0.02,2.48,4.73
2019-10,Leviste Laurel,30.7,30.0,28.3,8.25,0.21,0.02,2.40,4.34
2019-10,Buso Buso Laurel,30.3,28.6,27.0,7.83,0.44,0.02,2.55,3.90
2019-10,Bañaga Agoncillo,30.1,30.1,27.2,8.00,0.44,0.02,2.58,3.02
2019-10,Subic Ilaya Agoncilo,30.1,28.9,28.2,8.17,0.20,0.03,2.39,3.87
2019-10,Mataas na Kahoy,28.8,28.2,26.8,8.00,0.21,0.02,2.40,4.11
2019-10,Tanauan,29.1,28.2,26.8,8.00,0.25,0.02,2.48,3.95
2019-11,Quiling Talisay,28.9,28.1,27.8,7.92,0.22,0.03,2.50,4.82
2019-11,Sampaloc Talisay,30.1,28.8,27.0,8.08,0.20,0.01,2.41,4.17
2019-11,San Isidro Talisay,28.9,28.5,27.0,8.00,0.33,0.01,2.35,4.89
2019-11,Leviste Laurel,29.3,29.4,28.8,7.92,0.17,0.01,2.15,3.86
2019-11,Buso Buso Laurel,29.5,29.0,27.0,7.83,0.40,0.01,2.19,4.36
2019-11,Bañaga Agoncillo,29.6,28.9,28.2,8.00,0.31,0.05,2.31,0.46
2019-11,Subic Ilaya Agoncilo,29.4,29.0,28.8,8.18,0.22,0.05,2.19,4.48
2019-11,Mataas na Kahoy,29.1,28.8,27.9,8.17,0.16,0.02,2.19,4.38
2019-11,Tanauan,29.5,28.2,27.8,8.17,0.18,0.02,2.29,4.94
2019-12,Quiling Talisay,28.2,27.8,27.5,7.75,0.45,0.20,2.63,3.97
2019-12,Sampaloc Talisay,28.8,28.2,28.0,7.75,0.34,0.16,2.63,3.35
2019-12,San Isidro Talisay,27.8,27.8,28.0,7.67,0.41,0.18,2.59,2.81
2019-12,Berinayan Laurel,28.2,27.8,27.8,7.83,0.18,0.19,2.76,2.03
2019-12,Leviste Laurel,27.8,28.1,28.2,7.83,0.38,0.18,2.54,3.14
2019-12,Buso Buso Laurel,28.4,28.0,28.0,7.83,0.36,0.16,2.59,2.74
2019-12,Bañaga Agoncillo,28.0,28.0,28.0,7.83,0.36,0.12,2.45,2.94
2019-12,Subic Ilaya Agoncilo,28.0,27.7,27.8,7.83,0.36,0.12,2.68,3.15
2019-12,Mataas na Kahoy,27.9,27.5,26.8,8.08,0.36,0.21,2.70,3.93
2019-12,Tanauan,27.8,27.3,26.7,7.75,0.45,0.28,2.71,3.98
2020-02,Sampaloc Talisay,26.8,26.5,26.3,7.87,0.24,0.14,2.56,3.78
2020-02,Quiling Talisay,26.3,26.2,26.2,6.49,0.28,0.11,2.51,2.40
2020-02,Aya Talisay,26.3,26.2,26.2,6.49,0.09,0.08,2.54,2.42
2020-02,Leviste Laurel,26.9,26.8,26.8,7.38,0.27,0.06,2.45,4.35
2020-02,Tanauan,26.3,26.8,26.5,6.63,0.09,0.08,2.55,2.91
2020-02,Tanauan,26.2,26.2,26.0,7.83,0.04,0.23,2.53,1.46
2020-02,Mataas na Kahoy,26.1,26.1,26.0,7.89,0.04,0.38,2.56,1.82
2020-03,Tanauan,28.8,26.8,26.3,7.55,0.06,0.11,2.47,6.10
2020-03,Mataas na Kahoy,28.8,26.9,26.8,7.47,0.04,0.07,2.41,5.71
2020-03,Subic Ilaya Agoncilo,28.9,27.5,27.0,7.39,0.05,0.04,2.48,6.25
2020-03,Bañaga Agoncillo,29.1,28.0,27.1,7.57,0.05,0.06,2.45,5.60
2020-03,Buso Buso Laurel,29.2,27.1,26.8,7.47,0.06,0.07,2.53,6.05
2020-03,Leviste Laurel,29.1,27.2,27.1,7.39,0.05,0.05,2.50,5.63
2020-03,San Isidro Talisay,29.1,27.2,27.0,7.62,0.10,0.06,2.53,6.07
2020-03,Sampaloc Talisay,29.0,27.4,27.1,7.63,0.08,0.07,2.52,6.15
2020-03,Quiling Talisay,28.8,27.4,27.2,7.65,0.16,0.17,2.48,6.04
2020-04,Tanauan,29.7,27.3,26.8,8.86,0.61,0.16,2.57,5.05
2020-04,Mataas na Kahoy,29.2,26.9,26.8,8.88,0.22,0.15,2.63,5.17
2020-04,Subic Ilaya Agoncilo,30.3,29.7,27.2,8.83,0.22,0.20,2.48,5.92
2020-04,Bañaga Agoncillo,29.8,29.8,27.2,8.88,0.22,0.14,2.88,5.02
2020-04,Buso Buso Laurel,29.9,27.8,27.2,8.77,0.22,0.13,3.03,5.13
2020-04,Leviste Laurel,29.8,29.0,28.0,8.94,0.28,0.07,2.84,5.55
2020-04,San Isidro Talisay,30.2,27.3,27.2,8.85,0.19,0.17,2.66,5.93
2020-04,Sampaloc Talisay,30.4,27.9,27.2,8.86,0.28,0.18,2.58,5.72
2020-04,Quiling Talisay,29.7,29.2,27.2,8.92,0.20,0.07,2.57,6.04
2020-05,Tanauan,31.9,27.8,26.8,8.33,0.09,0.19,2.83,5.92
2020-05,Mataas na Kahoy,31.4,28.0,27.1,8.33,0.12,0.16,2.50,5.70
2020-05,Subic Ilaya Agoncilo,31.7,29.5,27.5,8.17,0.16,0.17,2.67,5.34
2020-05,Bañaga Agoncillo,31.9,29.8,27.2,8.08,0.20,0.22,2.58,5.39
2020-05,Buso Buso Laurel,31.8,29.2,27.0,8.25,0.19,0.19,2.58,5.99
2020-05,Leviste Laurel,31.9,28.3,27.1,8.17,0.11,0.28,2.50,4.61
2020-05,San Isidro Talisay,31.7,29.6,27.2,8.08,0.20,0.15,2.58,4.46
2020-05,Sampaloc Talisay,31.9,29.8,27.2,8.00,0.15,0.25,2.58,4.88
2020-05,Quiling Talisay,32.0,29.6,27.5,8.25,0.11,0.17,2.58,5.01
2020-06,Tanauan,30.5,28.8,27.0,8.25,0.20,0.09,2.69,5.31
2020-06,Mataas na Kahoy,30.4,28.8,27.1,8.33,0.17,0.07,2.49,6.47
2020-06,Subic Ilaya Agoncilo,31.4,31.0,27.8,8.42,0.25,0.09,2.30,4.65
2020-06,Bañaga Agoncillo,31.2,30.4,27.0,8.08,0.32,0.05,2.49,3.32
2020-06,Buso Buso Laurel,31.3,28.8,26.8,7.83,0.31,0.07,2.64,2.70
2020-06,Leviste Laurel,31.4,29.9,27.6,8.17,0.15,0.04,2.29,4.39
2020-06,San Isidro Talisay,31.2,28.3,27.0,8.08,0.08,0.20,2.41,6.40
2020-06,Sampaloc Talisay,31.5,27.8,27.0,7.83,0.07,0.03,2.56,4.07
2020-06,Quiling Talisay,31.3,29.0,27.1,7.92,0.13,0.09,2.53,5.36
2020-07,Tanauan,29.8,28.6,27.2,8.16,0.17,0.04,3.00,4.71
2020-07,Mataas na Kahoy,31.1,29.2,27.2,8.20,0.20,0.06,3.00,5.73
2020-07,Subic Ilaya Agoncilo,31.8,28.4,27.7,8.13,0.23,0.01,3.00,6.20
2020-07,Bañaga Agoncillo,32.1,30.4,27.6,8.17,0.31,0.01,3.00,1.05
2020-07,Buso Buso Laurel,32.1,29.3,27.8,8.10,0.37,0.03,3.00,1.61
2020-07,Leviste Laurel,32.2,30.8,28.0,8.13,0.31,0.06,3.00,1.95
2020-07,San Isidro Talisay,32.1,28.4,27.3,8.02,0.24,0.04,3.00,5.73
2020-07,Sampaloc Talisay,32.7,29.2,27.4,8.14,0.21,0.06,3.00,1.95
2020-07,Quiling Talisay,32.4,30.6,27.6,8.39,0.37,0.02,3.00,3.28
2020-08,Tanauan,30.4,26.9,26.7,7.83,0.30,0.08,,6.84
2020-08,Mataas na Kahoy,30.8,27.1,26.9,7.83,0.20,0.03,,6.64
2020-08,Subic Ilaya Agoncilo,31.1,30.8,29.5,8.17,0.26,0.03,,4.87
2020-08,Bañaga Agoncillo,31.2,27.3,27.3,7.67,0.75,0.02,,1.50
2020-08,Buso Buso Laurel,31.1,27.3,27.3,7.50,0.52,0.03,,1.70
2020-08,Leviste Laurel,32.0,30.2,27.7,7.92,0.45,0.03,,2.40
2020-08,San Isidro Talisay,31.3,27.4,27.4,7.75,0.32,0.02,,3.53
2020-08,Sampaloc Talisay,31.8,27.2,27.0,7.75,0.33,0.04,,2.20
2020-09,Tanauan,31.2,29.6,28.8,7.75,0.05,0.02,2.38,6.52
2020-09,Mataas na Kahoy,31.0,27.8,27.3,8.17,0.05,0.06,1.78,6.51
2020-09,Subic Ilaya Agoncilo,30.8,30.7,29.2,8.25,0.09,0.03,2.45,5.59
2020-09,Bañaga Agoncillo,31.1,30.4,27.8,7.92,0.18,0.05,2.21,3.20
2020-09,Buso Buso Laurel,31.1,30.0,27.8,8.08,0.17,0.03,2.81,4.01
2020-09,Leviste Laurel,31.7,30.9,28.8,8.08,0.16,0.04,2.47,5.70
2020-09,San Isidro Talisay,31.4,28.2,28.2,8.17,0.15,0.01,2.54,4.75
2020-09,Sampaloc Talisay,31.9,29.0,28.0,8.00,0.13,0.03,2.55,5.76
2020-09,Quiling Talisay,31.9,30.8,28.0,8.25,0.09,0.03,2.45,5.06
2020-10,Tanauan,31.2,30.1,28.7,8.25,0.10,0.04,2.38,6.09
2020-10,Mataas na Kahoy,30.8,28.8,30.0,8.50,0.24,0.03,2.36,6.10
2020-10,Subic Ilaya Agoncilo,31.5,31.3,29.0,8.17,0.14,0.06,2.38,6.36
2020-10,Bañaga Agoncillo,31.6,31.2,28.0,8.50,0.27,0.04,2.38,1.56
2020-10,Buso Buso Laurel,31.9,30.6,28.1,8.33,0.36,0.04,2.43,5.74
2020-10,Leviste Laurel,31.8,31.2,28.3,8.25,0.20,0.04,2.27,5.30
2020-10,San Isidro Talisay,31.6,28.7,27.8,8.25,0.18,0.04,2.43,6.36
2020-10,Sampaloc Talisay,31.5,29.2,28.0,8.25,0.19,0.04,2.89,2.57
2020-10,Quiling Talisay,30.8,29.9,29.5,8.50,0.24,0.03,2.40,4.37
2020-11,Tanauan,27.8,27.8,27.0,7.75,0.26,0.07,2.25,4.48
2020-11,Mataas na Kahoy,27.7,27.7,27.0,8.08,0.23,0.08,2.57,5.33
2020-11,Subic Ilaya Agoncilo,28.5,28.3,28.2,7.92,0.30,0.06,2.46,4.47
2020-11,Bañaga Agoncillo,28.7,28.2,28.0,7.92,0.27,0.11,2.61,3.27
2020-11,Buso Buso Laurel,28.8,28.2,27.2,7.92,0.34,0.09,2.64,5.68
2020-11,Leviste Laurel,28.7,28.3,28.0,8.00,0.29,0.08,2.60,5.89
2020-11,San Isidro Talisay,28.3,28.2,26.3,7.75,0.29,0.09,2.58,6.06
2020-11,Sampaloc Talisay,28.5,28.3,28.1,7.92,0.32,0.07,2.68,5.36
2020-11,Quiling Talisay,28.2,28.1,27.8,7.92,0.27,0.07,2.63,4.20
2020-12,Tanauan,27.7,27.7,27.4,7.58,0.19,0.05,2.52,5.60
2020-12,Mataas na Kahoy,27.9,27.8,27.8,7.75,0.20,0.09,2.07,5.71
2020-12,Leviste Laurel,27.8,27.8,27.4,7.67,0.34,0.07,2.49,4.86
2020-12,Sampaloc Talisay,28.2,27.9,27.3,7.67,0.33,0.06,2.29,5.57
2020-12,Quiling Talisay,28.2,27.9,27.3,7.58,0.24,0.07,2.74,4.67
2021-01,Mataas na Kahoy,26.9,26.8,26.8,7.75,0.27,,2.04,4.17
2021-01,Tanauan,26.7,26.8,26.8,7.75,0.27,,2.91,3.61
2021-01,Sampaloc Talisay,26.8,26.8,26.8,7.75,0.35,,2.80,4.40
2021-01,Quiling Talisay,26.8,26.8,26.8,7.75,0.19,,2.78,3.89
2021-02,Leviste Laurel,26.4,26.3,26.4,8.00,0.19,,2.60,6.10
2021-02,Sampaloc Talisay,26.6,26.5,26.4,7.83,0.21,,2.57,5.08
2021-02,Quiling Talisay,26.2,26.2,26.0,7.91,0.20,,2.53,5.31
2021-02,Tanauan,26.8,26.5,26.3,7.83,0.23,,2.45,6.41
2021-02,Mataas na Kahoy,26.5,26.2,26.4,7.50,0.19,,2.42,5.04
2021-02,Subic Ilaya Agoncilo,27.5,27.5,27.2,7.75,0.23,,2.48,6.56
2021-02,Bañaga Agoncillo,27.5,27.4,27.5,7.58,0.32,,2.74,5.63
2021-02,Buso Buso Laurel,28.0,27.8,27.8,7.83,0.27,,2.57,6.71
2021-03,Tanauan,28.1,26.9,26.7,7.75,0.24,,2.58,6.55
2021-03,Mataas na Kahoy,28.0,27.0,26.8,8.00,0.24,,2.55,6.45
2021-03,Leviste Laurel,28.8,27.2,27.0,7.92,0.20,,2.48,4.08
2021-03,Sampaloc Talisay,28.7,28.1,27.2,7.83,0.20,,2.55,5.45
2021-03,Quiling Talisay,29.0,27.2,27.5,7.92,0.23,,2.52,5.33
2021-04,Subic Ilaya Agoncilo,29.0,27.7,27.2,7.75,0.22,,2.39,5.95
2021-04,Bañaga Agoncillo,29.2,28.7,28.0,8.00,0.22,,2.29,3.29
2021-04,Buso Buso Laurel,29.9,29.0,27.5,8.08,0.34,,2.13,4.92
2021-04,Leviste Laurel,29.5,28.5,28.0,7.92,0.22,,2.17,5.62
2021-04,Sampaloc Talisay,30.0,28.0,27.5,8.08,0.27,,2.38,7.56
2021-04,San Isidro Talisay,29.6,28.0,27.2,8.00,0.27,,2.41,6.51
2021-04,Quiling Talisay,29.3,28.1,27.0,8.00,0.25,,2.42,6.48
2021-04,Tanauan,29.0,27.8,27.1,8.08,0.28,,2.48,6.39
2021-04,Mataas na Kahoy,29.0,27.3,27.2,8.00,0.22,,2.04,6.60
2021-05,Tanauan,29.2,27.2,26.8,8.17,0.01,,,6.69
2021-05,Mataas na Kahoy,29.0,27.5,26.7,8.17,0.00,,,6.23
2021-05,Subic Ilaya Agoncilo,30.0,29.6,28.3,8.00,0.00,,,6.63
2021-05,Bañaga Agoncillo,30.0,28.7,27.0,8.00,0.02,,,4.79
2021-05,Buso Buso Laurel,30.1,28.2,27.2,8.00,0.01,,,6.43
2021-05,Leviste Laurel,30.8,29.4,27.8,8.00,0.01,,,6.36
2021-05,Sampaloc Talisay,30.0,28.7,27.2,8.00,0.00,,,6.63
2021-05,Quiling Talisay,29.2,28.5,27.2,8.00,0.00,,,6.37
2021-06,Tanauan,30.8,28.3,27.4,8.17,0.04,5.67,2.44,6.91
2021-06,Mataas na Kahoy,31.0,28.4,27.3,8.17,0.04,,2.51,6.88
2021-06,Subic Ilaya Agoncilo,30.6,30.5,28.0,8.33,0.09,,2.43,5.41
2021-06,Bañaga Agoncillo,31.0,29.8,27.5,8.00,0.49,,2.60,3.79
2021-06,Buso Buso Laurel,31.0,29.4,28.7,8.00,0.29,,2.56,5.89
2021-06,Leviste Laurel,31.8,30.0,28.8,8.00,0.10,,2.48,6.13
2021-06,San Isidro Talisay,31.2,29.1,28.0,8.00,0.15,,2.46,6.08
2021-06,Sampaloc Talisay,31.8,28.8,27.7,8.00,0.14,,2.48,6.50
2021-06,Quiling Talisay,31.2,29.3,27.8,8.00,0.23,,2.35,6.37
2021-07,Leviste Laurel,30.8,29.3,28.0,8.33,0.14,0.18,2.98,4.82
2021-07,Sampaloc Talisay,30.9,28.2,27.4,8.00,0.15,0.19,2.66,4.70
2021-07,Quiling Talisay,30.2,29.4,27.6,8.17,0.12,0.19,2.58,4.48
2021-07,Tanauan,30.2,28.4,28.0,8.25,0.01,0.18,2.69,4.89
2021-07,Mataas na Kahoy,29.5,28.5,28.0,7.58,0.11,0.24,2.84,5.57
2021-08,Tanauan,29.8,28.6,28.4,8.58,0.30,0.10,3.00,6.46
2021-08,Mataas na Kahoy,29.6,28.8,27.8,8.25,0.34,0.11,2.44,6.26
2021-08,Subic Ilaya Agoncilo,29.1,28.8,28.7,8.33,0.23,0.01,2.44,6.43
2021-08,Bañaga Agoncillo,29.7,28.9,27.9,8.17,0.36,0.08,2.87,5.38
2021-08,Buso Buso Laurel,29.3,29.6,27.2,8.25,0.37,0.04,2.43,5.20
2021-08,Leviste Laurel,29.1,28.9,28.8,8.25,0.29,0.04,2.41,5.11
2021-08,San Isidro Talisay,29.8,28.8,27.1,8.17,0.32,0.02,2.53,5.97
2021-08,Sampaloc Talisay,29.5,29.0,27.4,8.42,0.32,0.03,2.52,4.88
2021-08,Quiling Talisay,30.0,29.8,27.0,8.25,0.32,0.04,2.49,5.72
2021-09,Tanauan,29.0,28.5,27.4,8.08,1.31,0.02,3.76,5.77
2021-09,Leviste Laurel,29.6,28.9,28.5,8.08,0.30,0.09,2.54,4.72
2021-09,San Isidro Talisay,29.8,28.8,27.6,8.17,0.34,0.07,2.48,5.82
2021-09,Sampaloc Talisay,29.6,28.8,27.8,8.17,0.35,0.14,2.46,4.40
2021-09,Quiling Talisay,29.2,29.0,28.4,7.92,0.55,0.17,2.54,5.73
2021-09,Mataas na Kahoy,29.4,28.8,27.5,8.50,0.13,0.09,2.37,6.47
2021-09,Manalao Agoncillo,30.0,29.5,28.9,8.24,0.21,0.12,2.91,4.63
2021-09,Bañaga Agoncillo,29.8,29.2,28.5,8.36,0.69,0.17,2.51,4.01
2021-09,Buso Buso Laurel,30.0,29.2,28.2,8.35,0.32,0.13,2.54,3.29
2021-10,Subic Ilaya Agoncilo,29.0,29.0,27.0,8.47,,0.02,2.34,7.00
2021-10,Bañaga Agoncillo,30.0,29.3,28.2,8.37,,0.26,2.57,3.19
2021-10,Buso Buso Laurel,29.8,29.5,27.5,8.20,,0.16,3.49,3.23
2021-10,Leviste Laurel,29.0,29.0,28.5,8.45,,0.11,2.37,5.61
2021-10,Sampaloc Talisay,29.0,28.0,27.0,8.18,,0.19,2.49,6.05
2021-10,Quiling Talisay,29.5,28.9,28.3,8.26,,0.23,2.60,3.17
2021-10,Tanauan,29.1,28.9,28.7,7.84,,0.28,2.53,3.15
2021-10,Mataas na Kahoy,29.2,28.9,28.2,7.53,,0.15,2.38,5.56
2021-11,Subic Ilaya Agoncilo,28.3,27.8,27.2,8.22,0.09,0.14,,6.43
2021-11,Bañaga Agoncillo,29.1,28.8,28.5,8.16,0.14,0.15,,5.00
2021-11,Buso Buso Laurel,29.3,28.8,27.8,7.64,0.35,0.14,,3.34
2021-11,Leviste Laurel,28.9,28.0,27.8,7.90,0.07,0.18,,4.82
2021-11,Sampaloc Talisay,28.5,27.7,26.9,7.73,0.19,0.16,,4.95
2021-11,Quiling Talisay,28.2,28.2,27.8,8.26,0.18,,,5.22
2021-11,Tanauan,28.8,28.8,28.5,7.84,0.10,,,5.54
2021-11,Mataas na Kahoy,28.6,28.2,28.2,7.53,0.10,,,6.42
2021-12,Bañaga Agoncillo,27.0,26.9,26.9,7.76,0.26,,,4.60
2021-12,Sampaloc Talisay,27.3,26.9,26.8,8.15,0.15,,,4.96
2021-12,Quiling Talisay,37.0,,26.8,7.84,0.13,,,4.60
2021-12,Tanauan,29.2,,,8.56,0.07,,,4.28
2022-01,Manalao Agoncillo,26.8,26.5,26.4,8.13,0.24,0.15,2.56,5.74
2022-01,Bañaga Agoncillo,26.8,26.8,26.7,7.94,0.14,0.20,2.62,3.00
2022-01,Buso Buso Laurel,27.0,26.9,26.8,7.93,0.14,0.27,2.68,3.69
2022-01,Leviste Laurel,27.0,26.8,26.6,7.94,0.11,0.26,2.72,4.37
2022-01,Sampaloc Talisay,27.0,26.8,26.8,7.79,0.33,0.24,2.86,3.36
2022-01,Mataas na Kahoy,26.4,26.2,26.2,7.94,0.08,0.24,2.72,3.46
2022-01,Tanauan,26.7,26.5,26.5,7.81,0.15,0.30,2.56,3.45
2022-01,Quiling Talisay,26.8,26.8,26.8,7.88,0.08,0.25,2.65,3.41
2022-02,Leviste Laurel,27.7,26.9,26.5,8.05,0.14,0.33,2.79,4.54
2022-02,San Isidro Talisay,27.5,26.9,26.2,8.11,0.13,0.36,3.18,6.06
2022-02,Sampaloc Talisay,27.2,26.8,26.5,8.05,0.13,0.31,2.71,5.42
2022-02,Quiling Talisay,27.0,26.9,26.9,8.13,0.13,0.25,2.73,6.27
2022-02,Tanauan,26.6,26.5,26.5,8.12,0.17,0.35,2.68,5.35
2022-02,Mataas na Kahoy,26.7,26.5,26.5,8.30,0.16,0.22,2.50,5.30
2022-02,Subic Ilaya Agoncilo,27.4,27.0,27.0,8.22,0.18,0.09,2.54,5.29
2022-02,Bañaga Agoncillo,27.8,27.3,27.2,8.13,0.28,0.11,2.67,4.63
2022-02,Buso Buso Laurel,27.6,27.3,27.3,8.28,0.18,0.19,2.70,4.67
2022-03,Mataas na Kahoy,27.8,27.1,26.9,8.44,0.15,0.12,2.54,6.86
2022-03,Subic Ilaya Agoncilo,28.7,27.3,27.2,8.14,0.19,0.16,2.50,6.65
2022-03,Bañaga Agoncillo,28.8,27.3,27.3,8.07,0.27,0.10,2.49,4.27
2022-03,Buso Buso Laurel,28.2,27.0,26.9,8.02,0.27,0.11,2.70,5.65
2022-03,San Isidro Talisay,28.9,27.3,27.3,7.75,0.34,0.14,2.63,6.28
2022-03,Leviste Laurel,28.8,27.0,27.0,8.04,0.18,0.26,2.60,5.51
2022-03,Sampaloc Talisay,29.0,27.4,27.2,8.15,0.17,0.21,2.64,5.29
2022-03,Quiling Talisay,28.6,27.4,27.4,8.32,0.27,0.20,2.65,6.20
2022-03,Tanauan,28.5,27.4,27.3,8.32,0.17,0.21,2.61,6.33
2022-04,Leviste Laurel,29.7,27.6,27.6,7.77,,,2.62,6.27
2022-04,San Isidro Talisay,29.2,28.0,27.0,7.90,,,2.59,6.59
2022-04,Sampaloc Talisay,29.2,27.3,27.1,7.73,,,2.49,6.41
2022-04,Quiling Talisay,28.8,27.3,27.1,7.86,,,2.55,6.18
2022-04,Tanauan,29.4,28.1,27.4,7.47,,,2.51,6.27
2022-04,Mataas na Kahoy,28.3,28.0,27.0,7.98,,,2.45,6.34
2022-04,Subic Ilaya Agoncilo,29.3,27.9,28.8,7.95,,,2.48,6.18
2022-04,Bañaga Agoncillo,29.7,27.7,27.5,7.85,,,2.47,5.73
2022-04,Buso Buso Laurel,29.6,27.4,27.7,7.68,,,2.54,5.36
2022-05,Tanauan,30.5,28.0,27.7,7.78,,,2.74,6.36
2022-05,Mataas na Kahoy,30.4,27.3,27.3,8.06,,,2.72,6.32
2022-05,Subic Ilaya Agoncilo,30.6,28.1,28.0,8.40,,,2.75,6.22
2022-05,Bañaga Agoncillo,31.0,28.1,27.8,8.13,,,2.63,5.26
2022-05,Buso Buso Laurel,30.8,28.2,28.0,7.93,,,2.71,4.81
2022-05,Leviste Laurel,31.2,30.0,28.4,8.02,,,2.63,5.11
2022-06,Tanauan,31.8,28.0,27.8,8.18,0.59,0.30,2.57,5.98
2022-06,Mataas na Kahoy,31.8,28.2,28.4,8.16,0.28,0.18,2.40,6.23
2022-06,Subic Ilaya Agoncilo,31.6,29.0,28.2,8.17,0.41,0.10,2.62,5.29
2022-06,Bañaga Agoncillo,32.0,29.8,28.0,8.11,0.43,0.12,2.58,2.60
2022-06,Buso Buso Laurel,32.0,29.8,28.0,8.02,0.34,0.13,2.49,3.43
2022-06,Leviste Laurel,32.2,29.4,28.4,7.99,0.45,0.16,2.53,6.25
2022-06,San Isidro Talisay,32.1,28.8,27.8,8.07,0.27,0.14,2.53,6.37
2022-06,Sampaloc Talisay,32.4,29.4,28.4,8.28,0.26,0.18,2.66,5.85
2022-06,Quiling Talisay,33.0,29.8,28.2,8.31,0.29,0.11,2.64,5.58
2022-07,Tanauan,30.3,28.2,27.1,8.14,0.42,0.12,2.54,5.15
2022-07,Mataas na Kahoy,30.8,28.1,27.6,8.37,0.19,0.15,2.56,6.28
2022-07,Subic Ilaya Agoncilo,31.1,30.7,28.0,8.42,0.36,0.08,2.58,5.75
2022-07,Bañaga Agoncillo,30.8,28.0,28.0,8.20,0.93,0.06,2.59,2.53
2022-07,Buso Buso Laurel,31.0,30.2,28.0,8.51,0.41,0.15,2.56,1.90
2022-07,Leviste Laurel,31.3,28.4,28.2,8.24,0.31,0.15,2.61,2.02
2022-07,San Isidro Talisay,31.0,31.1,28.0,8.60,0.28,0.06,2.45,4.49
2022-07,Sampaloc Talisay,31.9,29.4,28.0,8.34,0.18,0.06,2.57,1.19
2022-07,Quiling Talisay,31.0,29.0,29.5,8.38,0.61,0.05,2.72,5.42
2022-08,Tanauan,30.2,28.8,25.5,9.38,0.20,0.04,2.41,6.75
2022-08,Mataas na Kahoy,30.6,28.2,27.6,9.48,0.17,0.09,2.42,6.75
2022-08,Subic Ilaya Agoncilo,30.2,29.8,28.1,9.36,0.22,0.14,2.43,5.10
2022-08,Bañaga Agoncillo,30.8,30.0,29.4,8.52,0.30,0.13,2.22,1.76
2022-08,Buso Buso Laurel,30.8,29.6,28.0,9.29,0.20,0.03,2.30,4.08
2022-08,Leviste Laurel,30.9,29.7,28.4,9.00,0.25,0.11,2.42,1.75
2022-08,San Isidro Talisay,31.2,30.0,29.0,9.38,0.15,,2.12,6.05
2022-08,Sampaloc Talisay,30.9,30.3,27.8,8.46,0.24,0.16,2.37,1.74
2022-08,Quiling Talisay,31.3,28.4,28.3,9.57,0.15,0.01,2.36,6.70
2022-09,Tanauan,30.6,28.2,27.4,8.77,0.42,0.18,2.50,7.60
2022-09,Mataas na Kahoy,30.2,28.4,27.4,8.68,0.42,0.13,2.30,7.51
2022-09,Subic Ilaya Agoncilo,3.0,29.6,28.4,8.30,0.47,0.12,2.31,3.08
2022-09,Bañaga Agoncillo,30.5,29.6,27.4,8.33,0.51,0.11,2.41,4.02
2022-09,Buso Buso Laurel,30.4,30.0,28.0,8.38,0.47,0.07,2.50,4.04
2022-09,Leviste Laurel,30.6,29.9,28.7,8.23,0.52,0.13,3.00,3.12
2022-09,Sampaloc Talisay,30.8,29.8,27.8,8.60,0.52,0.11,2.23,5.53
2022-09,Quiling Talisay,31.4,29.6,28.1,8.70,0.45,0.09,2.29,7.40
2022-10,Tanauan,28.2,28.1,28.0,8.28,0.53,0.20,2.38,5.71
2022-10,Mataas na Kahoy,28.4,28.2,27.8,8.33,0.51,0.15,2.50,5.63
2022-10,Leviste Laurel,28.9,28.8,28.2,8.19,0.58,0.16,2.47,5.32
2022-10,Sampaloc Talisay,28.6,28.5,27.4,8.03,0.55,0.11,2.67,5.28
2022-10,Quiling Talisay,28.2,28.0,28.0,7.96,0.51,0.24,2.52,3.21
2022-11,Subic Ilaya Agoncilo,28.8,28.7,28.7,8.32,0.61,0.08,2.44,5.30
2022-11,Bañaga Agoncillo,28.8,28.6,27.8,7.96,0.58,0.12,2.37,3.41
2022-11,Buso Buso Laurel,29.0,28.7,27.2,8.15,0.59,0.16,2.57,4.88
2022-12,Tanauan,28.2,28.0,28.0,8.18,0.51,0.15,2.44,6.27
2022-12,Mataas na Kahoy,28.2,28.1,27.3,8.26,0.60,0.11,2.37,6.13
2022-12,Subic Ilaya Agoncilo,28.8,28.9,28.5,8.08,0.65,0.12,2.31,5.17
2022-12,Bañaga Agoncillo,28.8,28.8,28.4,7.82,0.73,0.14,2.35,3.18
2022-12,Buso Buso Laurel,28.8,28.8,27.7,7.90,0.74,0.19,2.30,4.41
2022-12,Leviste Laurel,29.0,28.3,28.6,8.14,0.64,0.19,2.37,6.35
2022-12,Sampaloc Talisay,28.9,28.7,27.0,7.88,0.72,0.13,2.27,5.28
2022-12,Quiling Talisay,28.4,28.2,28.0,7.75,0.73,0.13,2.22,6.14
2023-01,Sampaloc Talisay,26.8,26.9,,7.76,0.81,0.11,2.82,2.12
2023-01,Quiling Talisay,26.8,26.8,,7.63,0.79,,2.63,2.11
2023-01,Leviste Laurel,27.1,27.0,,7.90,0.80,0.25,2.74,2.88
2023-01,Tanauan,26.6,26.8,,7.84,0.77,,2.66,2.65
2023-01,Mataas na Kahoy,26.6,26.3,,7.70,0.62,0.27,2.63,2.63
2023-01,Subic Ilaya Agoncilo,27.0,26.9,,7.82,0.65,0.40,2.44,4.39
2023-01,Bañaga Agoncillo,26.8,26.6,,7.69,0.77,0.39,2.56,2.94
2023-01,Buso Buso Laurel,26.8,27.2,,7.77,0.79,0.36,2.56,2.80
2023-02,Tanauan,31.5,31.5,,8.15,0.65,0.13,2.75,7.18
2023-02,Mataas na Kahoy,31.3,31.2,,8.04,0.62,0.21,2.70,5.58
2023-02,Subic Ilaya Agoncilo,32.0,32.1,,8.31,0.70,0.13,2.56,7.16
2023-02,Bañaga Agoncillo,32.0,32.0,,8.07,0.77,0.27,2.60,5.14
2023-02,Buso Buso Laurel,31.9,31.8,,8.22,0.68,,2.62,7.20
2023-02,Leviste Laurel,32.2,31.8,,8.38,0.70,,2.69,7.44
2023-02,Sampaloc Talisay,32.2,32.0,,8.23,0.67,0.21,2.77,7.02
2023-02,Quiling Talisay,31.8,31.4,,8.15,0.70,0.29,2.77,5.87
2023-03,Tanauan,26.3,26.3,,8.32,0.84,0.24,2.67,6.88
2023-03,Mataas na Kahoy,26.5,26.8,,8.24,0.81,0.27,2.50,6.22
2023-03,Subic Ilaya Agoncilo,26.8,27.3,,8.20,0.79,0.27,2.45,5.65
2023-03,Bañaga Agoncillo,27.1,26.8,,8.15,0.87,0.24,2.73,4.92
2023-03,Buso Buso Laurel,27.0,26.8,,8.18,0.90,0.22,2.67,5.69
2023-03,Leviste Laurel,26.9,26.8,,8.24,0.96,0.21,2.44,5.99
2023-03,Sampaloc Talisay,26.8,26.5,,8.13,0.83,0.24,2.67,5.38
2023-03,Quiling Talisay,26.5,26.5,,8.19,0.73,0.27,2.67,5.88
2023-04,Tanauan,28.8,26.9,,8.75,0.72,0.05,2.56,9.05
2023-04,Mataas na Kahoy,28.8,26.9,,8.81,0.78,0.20,2.61,9.27
2023-04,Subic Ilaya Agoncilo,29.9,27.4,,8.73,0.78,0.05,2.51,8.76
2023-04,Bañaga Agoncillo,29.8,27.0,,8.57,0.86,0.02,2.51,5.31
2023-04,Buso Buso Laurel,30.0,26.5,,8.68,0.81,,2.69,8.63
2023-04,Leviste Laurel,30.5,27.8,,8.75,0.68,0.03,2.68,10.13
2023-04,Sampaloc Talisay,30.6,27.1,,8.80,0.80,0.02,2.60,8.72
2023-04,Quiling Talisay,30.2,26.4,,8.95,0.80,0.02,2.53,10.82
2023-05,Tanauan,30.2,27.1,,8.86,0.88,0.11,2.51,10.19
2023-05,Mataas na Kahoy,29.9,27.8,,8.76,1.68,0.09,2.75,8.29
2023-05,Subic Ilaya Agoncilo,31.1,27.8,,8.85,0.91,0.08,2.56,8.40
2023-05,Bañaga Agoncillo,31.1,27.2,,8.55,0.96,,2.49,5.77
2023-05,Buso Buso Laurel,30.8,27.1,,8.80,0.89,,2.55,8.64
2023-05,Leviste Laurel,31.6,27.1,,8.79,0.91,,2.50,8.54
2023-05,Sampaloc Talisay,31.3,27.8,,8.70,0.90,,2.49,7.08
2023-05,Quiling Talisay,31.0,28.0,,8.95,0.91,0.10,2.44,6.72
2023-06,Tanauan,31.2,28.1,,9.05,0.87,,2.40,8.87
2023-06,Mataas na Kahoy,31.1,28.2,,8.99,0.89,0.02,2.55,8.67
2023-06,Subic Ilaya Agoncilo,31.0,28.0,,8.78,0.95,0.03,2.52,5.35
2023-06,Bañaga Agoncillo,31.6,27.8,,8.57,0.95,0.12,2.42,5.13
2023-06,Buso Buso Laurel,31.5,28.3,,8.77,0.23,0.72,2.76,4.19
2023-06,Leviste Laurel,31.9,29.0,,8.87,0.97,,2.39,6.77
2023-06,Sampaloc Talisay,30.8,28.4,,8.82,0.11,0.05,2.48,5.90
2023-06,Quiling Talisay,31.1,29.8,,9.00,0.08,0.05,2.45,8.95
2023-07,Mataas na Kahoy,31.5,28.0,,9.17,0.17,0.03,2.60,9.14
2023-07,Subic Ilaya Agoncilo,32.5,29.0,,9.06,0.19,,2.20,6.74
2023-07,Bañaga Agoncillo,32.5,28.0,,8.74,0.31,0.01,2.20,3.17
2023-07,Buso Buso Laurel,32.2,28.0,,8.73,0.31,,2.20,3.72
2023-07,Tanauan,30.3,27.5,,8.94,0.19,,2.69,7.15
2023-07,Leviste Laurel,30.8,27.9,,8.59,0.29,0.08,2.46,3.03
2023-07,Sampaloc Talisay,31.1,28.0,,8.78,0.18,0.10,2.44,5.88
2023-07,Quiling Talisay,31.3,27.5,,8.90,0.16,0.12,2.33,7.70
2023-08,Tanauan,30.6,29.0,,8.87,0.20,,2.34,8.32
2023-08,Mataas na Kahoy,30.1,28.8,,8.04,0.18,0.01,3.90,8.01
2023-08,Subic Ilaya Agoncilo,29.9,29.0,,8.35,0.21,,2.28,4.33
2023-08,Bañaga Agoncillo,30.3,29.1,,8.50,0.23,,2.31,4.93
2023-08,Buso Buso Laurel,30.8,29.7,,8.68,0.17,0.03,2.32,6.18
2023-08,Leviste Laurel,30.4,29.7,,8.67,0.15,,2.41,6.09
2023-08,Sampaloc Talisay,30.9,29.6,,8.82,0.13,0.38,2.36,7.56
2023-08,Quiling Talisay,31.6,29.7,,8.91,0.15,,2.36,7.83
2023-09,Tanauan,29.8,28.9,,8.84,0.20,0.06,2.44,9.21
2023-09,Mataas na Kahoy,30.2,29.1,,8.27,0.17,0.22,2.55,9.20
2023-09,Subic Ilaya Agoncilo,30.2,29.0,,8.35,0.40,,2.46,2.67
2023-09,Bañaga Agoncillo,30.2,29.3,,8.51,0.33,0.01,2.44,4.53
2023-09,Buso Buso Laurel,30.3,29.0,,8.65,0.25,0.18,2.48,5.35
2023-09,Leviste Laurel,30.7,29.1,,8.44,0.29,0.04,2.46,4.11
2023-09,Sampaloc Talisay,31.0,30.2,,8.64,0.23,0.05,2.43,6.47
2023-09,Quiling Talisay,31.1,29.0,,8.88,0.16,,2.49,9.80
2023-10,Tanauan,28.2,27.8,,8.63,0.21,0.05,2.62,6.38
2023-10,Mataas na Kahoy,28.0,27.8,,8.62,0.21,0.03,2.64,6.23
2023-10,Subic Ilaya Agoncilo,29.0,27.0,,8.55,0.38,0.03,2.45,5.41
2023-10,Bañaga Agoncillo,28.9,27.8,,8.32,0.36,0.04,2.65,3.41
2023-10,Buso Buso Laurel,29.0,27.1,,8.31,0.35,0.03,2.50,3.49
2023-10,Leviste Laurel,29.2,27.6,,8.62,0.31,,2.64,6.20
2023-10,Sampaloc Talisay,29.4,27.0,,8.40,0.24,0.06,,4.80
2023-10,Quiling Talisay,29.0,27.0,,8.61,0.22,0.10,,7.36
2023-11,Tanauan,27.0,26.9,25.4,8.30,0.23,0.10,,5.81
2023-11,Leviste Laurel,27.2,27.0,27.0,8.25,0.35,0.13,,5.07
2023-11,Sampaloc Talisay,27.2,27.0,25.4,8.21,0.44,0.11,,4.95
2023-11,Quiling Talisay,27.0,27.0,27.0,8.23,0.30,0.17,,4.81
2023-11,Subic Ilaya Agoncilo,27.0,27.0,25.9,8.26,0.46,0.09,,5.27
2023-11,Bañaga Agoncillo,27.0,26.9,26.0,8.31,0.36,0.09,,4.70
2023-11,Buso Buso Laurel,27.0,26.8,25.3,8.39,0.32,,,4.08
2023-11,Mataas na Kahoy,27.0,26.9,27.0,8.32,0.32,,,5.48
2023-12,Subic Ilaya Agoncilo,27.8,27.2,27.0,8.38,0.34,0.06,,6.15
2023-12,Bañaga Agoncillo,27.4,27.0,27.0,8.04,0.20,0.03,,3.30
2023-12,Buso Buso Laurel,27.3,27.0,25.9,8.23,0.41,0.12,,4.95
2023-12,Mataas na Kahoy,27.1,27.0,26.8,8.43,0.22,0.09,,6.25
2023-12,Tanauan,27.0,26.9,26.8,8.36,0.24,0.07,,6.61
2023-12,Leviste Laurel,28.0,27.0,26.8,8.17,0.33,0.13,,5.68
2023-12,Sampaloc Talisay,27.1,27.0,26.8,8.08,0.34,0.15,,4.41
2023-12,Quiling Talisay,26.3,26.3,26.3,8.17,0.22,0.24,,5.10
2024-01,Quiling Talisay,26.5,25.5,25.8,8.10,0.32,0.26,,4.78
2024-01,Sampaloc Talisay,25.9,25.5,25.0,8.05,0.28,0.21,,4.76
2024-01,Leviste Laurel,25.7,25.7,25.7,8.12,0.33,0.17,,5.09
2024-01,Tanauan,25.8,26.0,26.0,8.04,0.24,0.16,,4.92
2024-02,Quiling Talisay,24.0,24.0,24.2,7.92,0.31,0.34,3.10,2.76
2024-02,Sampaloc Talisay,25.2,25.1,25.0,7.91,0.33,0.32,2.93,4.18
2024-02,Leviste Laurel,25.3,25.1,25.0,7.97,0.38,0.25,3.07,5.01
2024-02,Tanauan,25.0,24.8,24.8,7.69,0.41,0.17,2.98,1.39
2024-02,Buso Buso Laurel,25.5,25.3,25.1,7.97,0.26,0.29,3.08,4.57
2024-02,Bañaga Agoncillo,26.0,25.4,25.1,7.86,0.36,0.24,3.24,4.00
2024-02,Subic Ilaya Agoncilo,26.0,25.8,25.2,8.14,0.27,0.15,2.95,5.88
2024-02,Mataas na Kahoy,25.3,25.2,25.0,7.99,0.21,0.14,2.85,4.36
2024-03,Buso Buso Laurel,26.5,25.5,25.0,8.26,0.43,0.14,2.87,4.08
2024-03,Bañaga Agoncillo,26.2,25.8,25.2,8.32,0.37,0.11,2.74,5.43
2024-03,Subic Ilaya Agoncilo,26.2,26.0,25.5,8.19,0.36,0.14,2.71,6.19
2024-03,Mataas na Kahoy,26.5,26.0,25.5,8.70,0.27,0.08,3.01,9.59
2024-03,Tanauan,26.0,26.0,25.5,8.30,0.20,0.12,2.88,7.25
2024-03,Quiling Talisay,25.0,25.0,24.8,8.17,0.16,0.31,2.94,5.41
2024-03,Sampaloc Talisay,25.6,25.0,24.9,8.25,0.20,0.21,2.93,6.37
2024-03,Leviste Laurel,26.0,26.0,25.4,8.37,0.17,0.15,2.90,7.31
2024-04,Buso Buso Laurel,28.5,26.0,25.2,8.82,0.33,0.09,2.53,6.02
2024-04,Bañaga Agoncillo,28.0,26.5,26.0,8.68,2.22,0.03,2.64,5.63
2024-04,Subic Ilaya Agoncilo,28.5,26.2,25.8,8.91,0.21,0.08,2.72,7.85
2024-04,Mataas na Kahoy,28.0,26.2,25.8,9.10,0.23,0.09,2.75,10.55
2024-04,Tanauan,27.8,26.5,25.2,8.94,0.23,0.07,3.72,10.10
2024-04,Quiling Talisay,27.2,27.0,25.8,8.93,0.23,0.30,2.96,8.38
2024-04,Sampaloc Talisay,28.2,25.8,25.2,8.81,0.23,0.20,2.76,7.85
2024-04,Leviste Laurel,29.0,26.5,26.0,8.81,0.22,0.12,2.73,7.63
2024-05,Tanauan,29.2,28.2,26.0,8.72,0.43,0.08,,3.84
2024-05,Mataas na Kahoy,29.0,27.0,26.0,8.87,0.38,0.08,,4.19
2024-05,Subic Ilaya Agoncilo,30.0,27.5,26.0,8.86,0.44,0.03,,5.16
2024-05,Bañaga Agoncillo,30.0,29.0,26.2,8.63,0.52,0.07,,3.31
2024-05,Buso Buso Laurel,30.2,29.0,26.0,8.81,0.45,0.02,,5.93
2024-05,Leviste Laurel,31.5,31.0,27.0,8.93,0.44,0.03,,7.40
2024-05,Sampaloc Talisay,31.0,28.0,26.5,8.80,0.46,0.05,,6.25
2024-05,Quiling Talisay,31.0,28.2,26.2,8.56,0.45,0.05,,2.75
2024-06,Tanauan,28.7,26.0,26.5,9.02,0.23,,,8.86
2024-06,Mataas na Kahoy,29.9,26.0,25.8,8.95,0.24,,,7.91
2024-06,Subic Ilaya Agoncilo,30.2,27.3,25.9,8.68,0.37,,,4.04
2024-06,Bañaga Agoncillo,30.4,27.0,26.1,8.49,0.34,,,2.80
2024-06,Buso Buso Laurel,30.2,27.2,26.0,8.50,0.32,,,3.50
2024-06,Leviste Laurel,30.8,28.2,27.8,8.63,0.24,,,5.32
2024-06,Sampaloc Talisay,30.5,27.1,26.1,8.72,0.20,,,5.64
2024-06,Quiling Talisay,30.8,26.2,26.0,8.89,0.24,,,6.94
2024-07,Tanauan,31.0,28.5,26.0,8.87,0.18,,2.75,6.46
2024-07,Mataas na Kahoy,29.8,28.9,25.6,8.81,0.18,,2.61,7.49
2024-07,Subic Ilaya Agoncilo,29.9,29.0,25.9,8.76,0.19,,2.60,5.99
2024-07,Bañaga Agoncillo,30.0,28.1,25.8,8.57,0.34,,2.64,3.15
2024-07,Buso Buso Laurel,30.0,29.0,28.9,8.59,0.29,,2.62,3.93
2024-07,Leviste Laurel,30.5,29.5,26.4,8.64,0.10,,2.48,5.55
2024-07,Sampaloc Talisay,30.9,28.2,26.0,8.57,0.25,,2.66,4.16
2024-07,Quiling Talisay,31.0,30.0,26.0,8.79,0.19,,2.70,6.93
2024-08,Tanauan,30.2,27.5,26.2,8.97,0.16,0.16,2.94,8.47
2024-08,Mataas na Kahoy,29.5,26.8,26.0,8.83,0.19,0.67,2.53,8.36
2024-08,Subic Ilaya Agoncilo,29.5,29.0,28.0,8.59,0.26,0.26,2.57,6.07
2024-08,Bañaga Agoncillo,29.8,28.0,27.8,8.55,0.24,0.54,2.65,6.27
2024-08,Buso Buso Laurel,29.5,28.0,27.2,8.72,0.23,0.54,2.77,6.40
2024-08,Leviste Laurel,29.0,27.0,26.7,8.59,0.23,0.31,2.63,5.54
2024-08,Sampaloc Talisay,29.0,27.0,25.5,8.82,0.26,0.45,2.67,7.22
2024-08,Quiling Talisay,30.0,26.5,26.2,8.99,0.25,0.40,2.47,8.00
2024-09,Tanauan,29.5,28.2,26.0,8.86,0.11,0.06,3.41,9.35
2024-09,Mataas na Kahoy,29.5,28.0,26.0,8.79,0.18,0.07,3.16,8.68
2024-09,Subic Ilaya Agoncilo,28.5,28.0,26.8,8.32,0.30,0.08,2.88,3.81
2024-09,Bañaga Agoncillo,29.0,26.5,26.0,8.32,0.26,0.09,2.70,3.76
2024-09,Buso Buso Laurel,29.0,28.2,26.0,8.44,0.33,0.07,2.67,4.81
2024-09,Leviste Laurel,28.2,28.0,26.5,8.34,0.28,0.07,2.75,2.96
2024-09,Sampaloc Talisay,28.5,28.2,26.0,8.44,0.28,0.08,2.61,4.10
2024-09,Quiling Talisay,29.5,28.0,25.5,8.95,0.32,0.08,2.87,9.26
2024-10,Tanauan,30.0,29.0,26.6,8.81,0.26,0.22,2.13,7.57
2024-10,Mataas na Kahoy,30.0,29.8,26.8,8.98,0.29,0.13,2.04,9.21
2024-10,Subic Ilaya Agoncilo,29.2,28.1,27.9,8.73,0.40,0.27,2.22,5.92
2024-10,Bañaga Agoncillo,30.0,27.7,27.0,8.39,0.53,0.18,2.27,2.92
2024-10,Buso Buso Laurel,29.1,28.0,26.9,8.53,0.80,0.13,2.20,4.17
2024-10,Leviste Laurel,28.5,27.5,27.0,8.82,0.42,0.15,2.76,6.69
2024-10,Sampaloc Talisay,29.0,27.9,26.0,8.67,0.47,0.16,2.68,4.78
2024-10,Quiling Talisay,29.0,27.3,25.9,8.76,0.54,0.18,3.27,5.49
2024-11,Tanauan,28.7,27.0,25.9,8.71,0.28,,2.45,8.29
2024-11,Mataas na Kahoy,28.8,27.0,26.8,8.78,0.28,,2.61,8.66
2024-11,Subic Ilaya Agoncilo,28.0,27.1,27.0,8.35,0.34,,2.41,4.94
2024-11,Bañaga Agoncillo,28.0,27.0,26.9,8.18,0.46,,2.38,3.05
2024-11,Buso Buso Laurel,28.0,27.0,26.5,8.23,0.48,,2.41,3.57
2024-11,Leviste Laurel,27.8,27.0,27.0,8.30,0.41,,2.40,4.62
2024-11,Sampaloc Talisay,28.3,26.9,25.8,8.17,0.36,,2.52,2.66
2024-11,Quiling Talisay,28.5,27.0,25.9,8.88,0.33,,2.66,8.56
2024-12,Tanauan,27.5,27.0,26.8,8.62,0.39,0.19,2.99,5.64
2024-12,Mataas na Kahoy,26.9,26.8,26.8,8.66,0.36,0.32,2.98,5.30
2024-12,Subic Ilaya Agoncilo,26.9,27.0,26.9,8.66,0.46,0.13,3.10,4.84
2024-12,Bañaga Agoncillo,27.0,26.9,26.8,8.46,0.64,0.21,2.85,3.53
2024-12,Buso Buso Laurel,27.0,26.9,27.0,8.52,0.55,0.32,3.00,4.17
2024-12,Leviste Laurel,27.1,26.9,26.2,8.57,0.56,0.25,2.96,4.86
2024-12,Sampaloc Talisay,27.0,26.5,26.9,8.53,0.58,0.28,2.85,4.26
2024-12,Quiling Talisay,26.5,26.7,26.2,8.51,0.40,0.33,2.83,4.29
2025-01,Tanauan,26.1,25.8,25.5,7.26,0.24,,2.95,2.71
2025-01,Mataas na Kahoy,26.0,25.7,26.2,7.44,0.25,,8.82,5.11
2025-01,Subic Ilaya Agoncilo,25.9,25.8,25.8,7.40,0.38,,2.67,5.02
2025-01,Bañaga Agoncillo,25.9,25.5,25.3,7.42,0.38,,3.07,4.83
2025-01,Buso Buso Laurel,25.9,25.3,25.2,7.42,0.36,,2.70,5.08
2025-01,Leviste Laurel,25.3,25.2,25.2,7.40,0.35,,2.89,4.66
2025-01,Sampaloc Talisay,25.2,25.0,25.0,7.29,0.33,,2.81,4.09
2025-01,Quiling Talisay,25.0,24.8,24.6,7.45,0.30,,2.69,3.08
2025-02,Tanauan,27.5,27.1,27.0,7.90,0.26,,2.85,5.04
2025-02,Mataas na Kahoy,27.1,27.0,26.9,7.91,0.31,,2.64,5.02
2025-02,Subic Ilaya Agoncilo,28.5,28.9,27.3,8.25,0.38,,2.63,7.86
2025-02,Bañaga Agoncillo,28.8,27.8,27.1,8.03,0.48,,2.78,5.91
2025-02,Buso Buso Laurel,28.1,27.1,27.0,8.17,0.68,,2.66,7.47
2025-02,Leviste Laurel,28.9,27.8,27.1,8.31,0.31,,2.96,8.94
2025-02,Sampaloc Talisay,27.9,27.0,28.0,8.14,0.36,,2.78,7.36
2025-02,Quiling Talisay,27.0,26.9,26.8,7.99,0.28,,2.97,5.20
,,,,,,,,,
,,,,,,,,,
,,,,,,,,,
,,,,,,,,,
,,,,,,,,,
,,,,,,,,,
,,,,,,,,,
,,,,,,,,,
,,,,,,,,,
,,,,,,,,,
,,,,,,,,,
,,,,,,,,,
,,,,,,,,,
,,,,,,,,,
,,,,,,,,,
,,,,,,,,,
,,,,,,,,,
,,,,,,,,,
,,,,,,,,,
,,,,,,,,,
,,,,,,,,,
,,,,,,,,,
,,,,,,,,,
,,,,,,,,,
,,,,,,,,,
,,,,,,,,,
,,,,,,,,,
,,,,,,,,,
,,,,,,,,,
,,,,,,,,,
,,,,,,,,,
,,,,,,,,,
,,,,,,,,,
,,,,,,,,,
,,,,,,,,,
,,,,,,,,,
,,,,,,,,,
,,,,,,,,,
,,,,,,,,,
,,,,,,,,,
,,,,,,,,,
,,,,,,,,,
,,,,,,,,,
,,,,,,,,,
,,,,,,,,,
,,,,,,,,,
,,,,,,,,,
,,,,,,,,,
,,,,,,,,,
,,,,,,,,,
,,,,,,,,,
,,,,,,,,,
,,,,,,,,,
,,,,,,,,,
,,,,,,,,,
,,,,,,,,,
,,,,,,,,,
,,,,,,,,,
,,,,,,,,,
,,,,,,,,,
,,,,,,,,,
,,,,,,,,,
,,,,,,,,,
,,,,,,,,,
,,,,,,,,,
,,,,,,,,,
,,,,,,,,,
,,,,,,,,,
,,,,,,,,,
,,,,,,,,,
,,,,,,,,,
,,,,,,,,,
,,,,,,,,,
,,,,,,,,,
,,,,,,,,,
,,,,,,,,,
,,,,,,,,,
,,,,,,,,,
,,,,,,,,,
,,,,,,,,,
,,,,,,,,,
,,,,,,,,,
,,,,,,,,,
,,,,,,,,,
,,,,,,,,,
,,,,,,,,,
,,,,,,,,,
,,,,,,,,,
,,,,,,,,,
,,,,,,,,,
,,,,,,,,,
,,,,,,,,,
,,,,,,,,,
,,,,,,,,,
,,,,,,,,,
,,,,,,,,,
,,,,,,,,,
,,,,,,,,,
,,,,,,,,,
,,,,,,,,,
,,,,,,,,,
,,,,,,,,,
,,,,,,,,,
,,,,,,,,,
,,,,,,,,,
,,,,,,,,,
,,,,,,,,,
,,,,,,,,,
,,,,,,,,,
,,,,,,,,,
,,,,,,,,,
,,,,,,,,,
,,,,,,,,,
,,,,,,,,,
,,,,,,,,,
,,,,,,,,,
,,,,,,,,,
,,,,,,,,,
,,,,,,,,,
,,,,,,,,,
,,,,,,,,,
,,,,,,,,,
,,,,,,,,,
,,,,,,,,,
,,,,,,,,,
,,,,,,,,,
,,,,,,,,,
,,,,,,,,,
,,,,,,,,,
,,,,,,,,,
,,,,,,,,,
,,,,,,,,,
,,,,,,,,,
,,,,,,,,,
,,,,,,,,,
,,,,,,,,,
,,,,,,,,,
,,,,,,,,,
,,,,,,,,,
,,,,,,,,,
,,,,,,,,,
,,,,,,,,,
,,,,,,,,,
,,,,,,,,,
,,,,,,,,,
,,,,,,,,,
,,,,,,,,,
,,,,,,,,,
,,,,,,,,,
,,,,,,,,,
,,,,,,,,,
,,,,,,,,,
,,,,,,,,,
,,,,,,,,,
,,,,,,,,,
,,,,,,,,,
,,,,,,,,,
,,,,,,,,,
,,,,,,,,,
,,,,,,,,,
,,,,,,,,,
,,,,,,,,,
,,,,,,,,,
,,,,,,,,,
,,,,,,,,,
,,,,,,,,,
,,,,,,,,,
,,,,,,,,,
,,,,,,,,,
,,,,,,,,,
,,,,,,,,,
,,,,,,,,,
,,,,,,,,,
,,,,,,,,,
,,,,,,,,,
,,,,,,,,,
,,,,,,,,,
,,,,,,,,,
,,,,,,,,,
,,,,,,,,,
,,,,,,,,,
,,,,,,,,,
,,,,,,,,,
,,,,,,,,,
,,,,,,,,,
,,,,,,,,,
,,,,,,,,,
,,,,,,,,,
,,,,,,,,,
,,,,,,,,,
,,,,,,,,,
,,,,,,,,,
,,,,,,,,,
,,,,,,,,,
,,,,,,,,,
,,,,,,,,,
,,,,,,,,,
,,,,,,,,,
,,,,,,,,,
,,,,,,,,,
,,,,,,,,,
,,,,,,,,,
,,,,,,,,,
,,,,,,,,,
,,,,,,,,,
,,,,,,,,,
,,,,,,,,,
,,,,,,,,,
,,,,,,,,,
,,,,,,,,,
,,,,,,,,,
,,,,,,,,,
,,,,,,,,,
,,,,,,,,,
,,,,,,,,,
,,,,,,,,,
,,,,,,,,,
,,,,,,,,,
,,,,,,,,,
,,,,,,,,,
,,,,,,,,,
,,,,,,,,,
,,,,,,,,,
,,,,,,,,,
,,,,,,,,,
,,,,,,,,,
,,,,,,,,,
,,,,,,,,,
,,,,,,,,,
,,,,,,,,,
,,,,,,,,,
,,,,,,,,,
,,,,,,,,,
,,,,,,,,,
,,,,,,,,,
,,,,,,,,,
,,,,,,,,,
,,,,,,,,,
,,,,,,,,,
,,,,,,,,,
,,,,,,,,,
,,,,,,,,,
,,,,,,,,,
,,,,,,,,,
,,,,,,,,,
,,,,,,,,,
,,,,,,,,,
,,,,,,,,,
,,,,,,,,,
,,,,,,,,,
,,,,,,,,,
,,,,,,,,,
,,,,,,,,,
,,,,,,,,,
,,,,,,,,,
,,,,,,,,,
,,,,,,,,,
,,,,,,,,,
,,,,,,,,,
,,,,,,,,,
,,,,,,,,,
,,,,,,,,,
,,,,,,,,,
,,,,,,,,,
,,,,,,,,,
,,,,,,,,,
,,,,,,,,,
,,,,,,,,,
,,,,,,,,,
,,,,,,,,,
,,,,,,,,,
,,,,,,,,,
,,,,,,,,,
,,,,,,,,,
,,,,,,,,,
,,,,,,,,,
,,,,,,,,,
,,,,,,,,,
,,,,,,,,,
,,,,,,,,,
,,,,,,,,,
,,,,,,,,,
,,,,,,,,,
,,,,,,,,,
,,,,,,,,,
,,,,,,,,,
,,,,,,,,,
,,,,,,,,,
,,,,,,,,,
,,,,,,,,,
,,,,,,,,,
,,,,,,,,,
,,,,,,,,,
,,,,,,,,,
,,,,,,,,,
,,,,,,,,,
,,,,,,,,,
,,,,,,,,,
,,,,,,,,,
,,,,,,,,,
,,,,,,,,,
,,,,,,,,,
,,,,,,,,,
,,,,,,,,,
,,,,,,,,,
,,,,,,,,,
,,,,,,,,,
,,,,,,,,,
,,,,,,,,,
,,,,,,,,,
,,,,,,,,,
,,,,,,,,,
,,,,,,,,,
,,,,,,,,,
,,,,,,,,,
,,,,,,,,,
,,,,,,,,,
,,,,,,,,,
,,,,,,,,,
,,,,,,,,,
,,,,,,,,,
,,,,,,,,,
,,,,,,,,,
,,,,,,,,,
,,,,,,,,,
,,,,,,,,,
,,,,,,,,,
,,,,,,,,,
,,,,,,,,,
,,,,,,,,,
,,,,,,,,,
,,,,,,,,,
,,,,,,,,,
,,,,,,,,,
,,,,,,,,,
,,,,,,,,,
,,,,,,,,,
,,,,,,,,,
,,,,,,,,,
,,,,,,,,,
,,,,,,,,,
,,,,,,,,,
,,,,,,,,,
,,,,,,,,,
,,,,,,,,,
,,,,,,,,,
,,,,,,,,,
,,,,,,,,,
,,,,,,,,,
,,,,,,,,,
,,,,,,,,,
,,,,,,,,,
,,,,,,,,,
,,,,,,,,,
,,,,,,,,,
,,,,,,,,,
,,,,,,,,,
,,,,,,,,,
,,,,,,,,,
,,,,,,,,,
,,,,,,,,,
,,,,,,,,,
,,,,,,,,,
,,,,,,,,,
,,,,,,,,,
,,,,,,,,,
,,,,,,,,,
,,,,,,,,,
,,,,,,,,,
,,,,,,,,,
,,,,,,,,,
,,,,,,,,,
,,,,,,,,,
,,,,,,,,,
,,,,,,,,,
,,,,,,,,,
,,,,,,,,,
,,,,,,,,,
,,,,,,,,,
,,,,,,,,,
,,,,,,,,,
,,,,,,,,,
,,,,,,,,,
,,,,,,,,,
,,,,,,,,,
,,,,,,,,,
,,,,,,,,,
,,,,,,,,,
,,,,,,,,,
,,,,,,,,,
,,,,,,,,,
,,,,,,,,,
,,,,,,,,,
,,,,,,,,,
,,,,,,,,,
,,,,,,,,,
,,,,,,,,,
,,,,,,,,,
,,,,,,,,,
,,,,,,,,,
,,,,,,,,,
,,,,,,,,,
,,,,,,,,,
,,,,,,,,,
,,,,,,,,,
,,,,,,,,,
,,,,,,,,,
,,,,,,,,,
,,,,,,,,,
,,,,,,,,,
,,,,,,,,,
,,,,,,,,,
,,,,,,,,,
,,,,,,,,,
,,,,,,,,,
,,,,,,,,,
,,,,,,,,,
,,,,,,,,,
,,,,,,,,,
,,,,,,,,,
,,,,,,,,,
,,,,,,,,,
,,,,,,,,,
,,,,,,,,,
,,,,,,,,,
,,,,,,,,,
,,,,,,,,,
,,,,,,,,,
,,,,,,,,,
,,,,,,,,,
,,,,,,,,,
,,,,,,,,,
,,,,,,,,,
,,,,,,,,,
,,,,,,,,,
,,,,,,,,,
,,,,,,,,,
,,,,,,,,,
,,,,,,,,,
,,,,,,,,,
,,,,,,,,,
,,,,,,,,,
,,,,,,,,,
,,,,,,,,,
,,,,,,,,,
,,,,,,,,,
,,,,,,,,,
,,,,,,,,,
,,,,,,,,,
,,,,,,,,,
,,,,,,,,,
,,,,,,,,,
,,,,,,,,,
,,,,,,,,,
,,,,,,,,,
,,,,,,,,,
,,,,,,,,,
,,,,,,,,,
,,,,,,,,,
,,,,,,,,,
,,,,,,,,,
,,,,,,,,,
,,,,,,,,,
,,,,,,,,,
,,,,,,,,,
,,,,,,,,,
,,,,,,,,,
,,,,,,,,,
,,,,,,,,,
,,,,,,,,,
,,,,,,,,,
,,,,,,,,,
,,,,,,,,,
,,,,,,,,,
,,,,,,,,,
,,,,,,,,,
,,,,,,,,,
,,,,,,,,,
,,,,,,,,,
,,,,,,,,,
,,,,,,,,,
,,,,,,,,,
,,,,,,,,,
,,,,,,,,,
,,,,,,,,,
,,,,,,,,,
,,,,,,,,,
,,,,,,,,,
,,,,,,,,,
,,,,,,,,,
,,,,,,,,,
,,,,,,,,,
,,,,,,,,,
,,,,,,,,,
,,,,,,,,,
,,,,,,,,,
,,,,,,,,,
,,,,,,,,,
,,,,,,,,,
,,,,,,,,,
,,,,,,,,,
,,,,,,,,,
,,,,,,,,,
,,,,,,,,,
,,,,,,,,,
,,,,,,,,,
,,,,,,,,,
,,,,,,,,,
,,,,,,,,,
,,,,,,,,,
,,,,,,,,,
,,,,,,,,,
,,,,,,,,,
,,,,,,,,,
,,,,,,,,,
,,,,,,,,,
,,,,,,,,,
,,,,,,,,,
,,,,,,,,,
,,,,,,,,,
,,,,,,,,,
,,,,,,,,,
,,,,,,,,,
,,,,,,,,,
,,,,,,,,,
,,,,,,,,,
,,,,,,,,,
,,,,,,,,,
,,,,,,,,,
,,,,,,,,,
,,,,,,,,,
,,,,,,,,,
,,,,,,,,,
,,,,,,,,,
,,,,,,,,,
,,,,,,,,,
,,,,,,,,,
,,,,,,,,,
,,,,,,,,,
,,,,,,,,,
,,,,,,,,,
,,,,,,,,,
,,,,,,,,,
,,,,,,,,,
,,,,,,,,,
,,,,,,,,,
,,,,,,,,,
,,,,,,,,,
,,,,,,,,,
,,,,,,,,,
,,,,,,,,,
,,,,,,,,,
,,,,,,,,,
,,,,,,,,,
,,,,,,,,,
,,,,,,,,,
,,,,,,,,,
,,,,,,,,,
,,,,,,,,,
,,,,,,,,,
,,,,,,,,,
,,,,,,,,,
,,,,,,,,,
,,,,,,,,,
,,,,,,,,,
,,,,,,,,,
,,,,,,,,,
,,,,,,,,,
,,,,,,,,,
,,,,,,,,,
,,,,,,,,,
,,,,,,,,,
,,,,,,,,,
,,,,,,,,,
,,,,,,,,,
,,,,,,,,,
,,,,,,,,,
,,,,,,,,,
,,,,,,,,,
,,,,,,,,,
,,,,,,,,,
,,,,,,,,,
,,,,,,,,,
,,,,,,,,,
,,,,,,,,,
,,,,,,,,,
,,,,,,,,,
,,,,,,,,,
,,,,,,,,,
,,,,,,,,,
,,,,,,,,,
,,,,,,,,,
,,,,,,,,,
,,,,,,,,,
,,,,,,,,,
,,,,,,,,,
,,,,,,,,,
,,,,,,,,,
,,,,,,,,,
,,,,,,,,,
,,,,,,,,,
,,,,,,,,,
,,,,,,,,,
,,,,,,,,,
,,,,,,,,,
,,,,,,,,,
,,,,,,,,,
,,,,,,,,,
,,,,,,,,,
,,,,,,,,,
,,,,,,,,,
,,,,,,,,,
,,,,,,,,,
,,,,,,,,,
,,,,,,,,,
,,,,,,,,,
,,,,,,,,,
,,,,,,,,,
,,,,,,,,,
,,,,,,,,,
,,,,,,,,,
,,,,,,,,,
,,,,,,,,,
